club,name,position,age,overall,nationality,image,
Simba,Luis Jose Miquissone,ATA,28,63,Mozambique,wiki/missing_player.jpg
Simba,Moses Phiri,ATA,29,63,Zambia,wiki/missing_player.jpg
Simba,John Bocco,ATA,34,63,Tanzania,wiki/missing_player.jpg
Simba,Jean Othos Baleke,ATA,22,63,Tanzania,wiki/missing_player.jpg
Simba,Denis Kibu,ATA,24,63,Tanzania,wiki/missing_player.jpg
Simba,Clatous Chama,MEI,32,63,Zambia,wiki/missing_player.jpg
Simba,Fabrice Ngoma,ME,29,63,Tanzania,wiki/missing_player.jpg
Simba,Aubin Kouamé,MC,27,63,Tanzania,wiki/missing_player.jpg
Simba,Sadio Kanoute,MC,27,63,Mali,wiki/missing_player.jpg
Simba,Mzamiru Yasin,VOL,23,63,Tanzania,wiki/missing_player.jpg
Simba,Kimson Mwanuke,VOL,23,63,Tanzania,wiki/missing_player.jpg
Simba,Henoc Baka,ZAG,23,63,Tanzania,wiki/missing_player.jpg
Simba,Che Malone,ZAG,23,63,Tanzania,wiki/missing_player.jpg
Simba,Shomari Kapombe,ZAG,23,63,Tanzania,wiki/missing_player.jpg
Simba,Mohamed Husseini,LE,23,63,Tanzania,wiki/missing_player.jpg
Simba,Kennedy Juma,LD,23,63,Tanzania,wiki/missing_player.jpg
Simba,Aishi Manula,GOL,28,63,Tanzania,wiki/missing_player.jpg
Simba,Ayoub Lakred,GOL,27,63,Morocco,wiki/missing_player.jpg
Petro de Luanda,Alexandre Guedes,ATA,29,63,Angola,wiki/missing_player.jpg
Petro de Luanda,Tiago Azulão,ATA,35,63,Angola,wiki/missing_player.jpg
Petro de Luanda,Gilberto,ATA,22,63,Angola,wiki/missing_player.jpg
Petro de Luanda,Anderson Cruz,ATA,27,63,Angola,wiki/missing_player.jpg
Petro de Luanda,Erivaldo,ATA,29,63,Angola,wiki/missing_player.jpg
Petro de Luanda,Jonathan Toro,MEI,27,63,Honduras,wiki/missing_player.jpg
Petro de Luanda,Carlinhos,ME,28,63,Angola,wiki/missing_player.jpg
Petro de Luanda,Jaredi,MC,25,63,Angola,wiki/missing_player.jpg
Petro de Luanda,Ricardo Job,MC,36,63,Angola,wiki/missing_player.jpg
Petro de Luanda,William Soares,VOL,34,63,Angola,wiki/missing_player.jpg
Petro de Luanda,Wilson,VOL,33,63,Angola,wiki/missing_player.jpg
Petro de Luanda,Ignacio Ferreira,ZAG,27,63,Angola,wiki/missing_player.jpg
Petro de Luanda,To Carneiro,ZAG,28,63,Angola,wiki/missing_player.jpg
Petro de Luanda,Pedro Pinto,ZAG,29,63,Portugal,wiki/missing_player.jpg
Petro de Luanda,Eddie Afonso,LE,29,63,Angola,wiki/missing_player.jpg
Petro de Luanda,Diógenes João,LD,26,63,Angola,wiki/missing_player.jpg
Petro de Luanda,Hugo Marques,GOL,28,63,Angola,wiki/missing_player.jpg
Petro de Luanda,Vicente Pedro,GOL,27,63,Angola,wiki/missing_player.jpg
Paulista Jundiaí,Nicolas Souza,VOL MC,23,58,Brazil,wiki/missing_player.jpg
Paulista Jundiaí,Carlos Antônio,LE,27,60,Brazil,wiki/missing_player.jpg
Paulista Jundiaí,Diego Telles,GOL,31,63,Brazil,wiki/missing_player.jpg
Paulista Jundiaí,Caio Adriano,ZAG,22,57,Brazil,wiki/missing_player.jpg
Paulista Jundiaí,Luis Junior,MD,26,55,Brazil,wiki/missing_player.jpg
Paulista Jundiaí,Antonio Gonçalves,LD,33,62,Brazil,wiki/missing_player.jpg
Paulista Jundiaí,Camilo Santos,VOL,30,60,Brazil,wiki/missing_player.jpg
Paulista Jundiaí,Rodrigo Nestor,ZAG,21,54,Brazil,wiki/missing_player.jpg
Paulista Jundiaí,Silvio Quitana,ATA,24,61,Brazil,wiki/missing_player.jpg
Paulista Jundiaí,Thiago Santana,ATA,30,66,Brazil,wiki/missing_player.jpg
Paulista Jundiaí,Carlos Galhardo,MC,19,56,Brazil,wiki/missing_player.jpg
Paulista Jundiaí,Marcos Junior,GOL,23,53,Brazil,wiki/missing_player.jpg
Paraná,Aderbalan Gomes,LD,30,63,Brazil,wiki/missing_player.jpg
Paraná,Carlos Souza,MC,24,65,Brazil,wiki/missing_player.jpg
Paraná,Pedro Gomes,LE,24,65,Brazil,wiki/missing_player.jpg
Paraná,Zé Ricardo,MEI,36,67,Brazil,wiki/missing_player.jpg
Mazembe,Mbomo Lutembe,LD,36,63,Democratic Republic Congo,wiki/missing_player.jpg
Mazembe,Fadengo Soto,ZAG,28,64,Democratic Republic Congo,wiki/missing_player.jpg
Mazembe,Bare Fuito,MC,23,60,Democratic Republic Congo,wiki/missing_player.jpg
Cotonsport,Alioum Boukar,GOL,32,72,Cameroon,wiki/missing_player.jpg
Cotonsport,Jacques Songo'o,GOL,28,66,Cameroon,wiki/missing_player.jpg
Cotonsport,Idriss Carlos Kameni,GOL,25,62,Cameroon,wiki/missing_player.jpg
Cotonsport,Bill Tchato,ZAG,33,69,Cameroon,wiki/missing_player.jpg
Cotonsport,Pierre Womé,ZAG,29,66,Cameroon,wiki/missing_player.jpg
Cotonsport,Rigobert Song,ZAG,36,73,Cameroon,wiki/missing_player.jpg
Cotonsport,Raymond Kalla,ZAG,21,61,Cameroon,wiki/missing_player.jpg
Cotonsport,Pierre Njanka,LE,20,62,Cameroon,wiki/missing_player.jpg
Cotonsport,Geremi Njitapo,LE,26,67,Cameroon,wiki/missing_player.jpg
Cotonsport,Lucien Mettomo,LD,18,63,Cameroon,wiki/missing_player.jpg
Cotonsport,Joseph Ndo,LD,32,71,Cameroon,wiki/missing_player.jpg
Cotonsport,Lauren,VOL,22,65,Cameroon,wiki/missing_player.jpg
Cotonsport,Joël Epalle,VOL,26,66,Cameroon,wiki/missing_player.jpg
Cotonsport,Nicolas Alnoudji,MC,30,67,Cameroon,wiki/missing_player.jpg
Cotonsport,Marc-Vivien Foé,MC,18,63,Cameroon,wiki/missing_player.jpg
Cotonsport,Eric Djemba-Djemba,MEI,25,66,Cameroon,wiki/missing_player.jpg
Cotonsport,Salomon Olembé,MEI,29,68,Cameroon,wiki/missing_player.jpg
Cotonsport,Daniel Ngom Kome,PE,24,63,Cameroon,wiki/missing_player.jpg
Cotonsport,Patrick Mboma,PD,31,70,Cameroon,wiki/missing_player.jpg
Cotonsport,Pius N'Diefi,ATA,19,62,Cameroon,wiki/missing_player.jpg
Cotonsport,Patrick Suffo,ATA,17,59,Cameroon,wiki/missing_player.jpg
Cotonsport,Joseph-Désiré Job,ATA,26,63,Cameroon,wiki/missing_player.jpg
Galatics,Marcos,GOL,32,88,Brazil,header/s_30421_123_2013_10_10_1.jpg?lm=1
Galatics,Dida,GOL,32,88,Brazil,header/5800-1447749019.jpg?lm=1
Galatics,Rogério Ceni,GOL,35,88,Brazil,header/13811-1591950054.jpg?lm=1
Galatics,Julio César,GOL,28,90,Brazil,header/22412-1474546042.jpg?lm=1
Galatics,Cafu,LD,29,90,Brazil,header/5937-1590418733.jpg?lm=1
Galatics,Belletti,LD,24,84,Brazil,header/7829-1589802688.jpg?lm=1
Galatics,Cicinho,LD,28,82,Brazil,header/26101-1444743108.jpg?lm=1
Galatics,Ronaldinho Gaúcho,MEI,27,92,Brazil,header/3373-1515762355.jpg?lm=1
Galatics,Dunga,VOL,32,89,Brazil,header/96342-1457435269.jpg?lm=1
Galatics,Branco,ZAG,29,85,Brazil,header/s_102590_123_2012_2.jpg?lm=1
Galatics,Adriano Correia,LE,31,83,Brazil,header/34495-1538046358.JPG?lm=1
Galatics,Roberto Carlos,LE,26,91,Brazil,header/7518-1595321817.jpg?lm=1
Galatics,Romário,ATA,23,93,Brazil,header/7942-1464018929.jpg?lm=1
Galatics,Kaká,MEI,23,90,Brazil,header/3366-1683638749.jpg?lm=1
Galatics,Lúcio,ZAG,34,88,Brazil,header/77-1458201664.jpg?lm=1
Galatics,Gilberto Silva,VOL,30,85,Brazil,header/3194-1683295254.jpg?lm=1
Galatics,Luis Fabiano,ATA,29,86,Brazil,header/19082-1588240076.jpg?lm=1
Galatics,Alex,ATA,27,89,Brazil,header/18537-1598536967.jpg?lm=1
Galatics,Adriano,ATA,26,90,Brazil,header/5876-1683639650.jpg?lm=1
Galatics,Vampeta,VOL,34,84,Brazil,header/s_26542_123_2012_1.jpg?lm=1
Galatics,Edmundo,ATA,31,87,Brazil,header/53219-1491319081.jpg?lm=1
Galatics,Mancini,PE,28,84,Brazil,header/15291-1565176905.jpg?lm=1
Galatics,Maicon,LD,30,87,Brazil,header/18301-1505484617.jpg?lm=1
Legends,Zanetti,LD,33,88,Argentina,header/1161-1463994546.jpg?lm=1
Legends,Hernán Crespo,ATA,27,87,Argentina,header/3410-1590391599.jpg?lm=1
Legends,Puyol,ZAG,30,92,Spain,header/7594-1684225860.jpeg?lm=1
Legends,Iker Casillas,GOL,33,91,Spain,header/3979-1684226777.jpeg?lm=1
Legends,Dejan Stankovic,MC,34,86,Serbia,header/3428-1461242093.jpg?,
Legends,Andrea Pirlo,MC,31,89,Italy,header/5817-1454934952.jpg?lm=1
Legends,Clarence Seedorf,MC,32,88,Netherlands,header/s_4168_537_2013_05_22_1.jpg?lm=1
Legends,Riquelme,MEI,24,88,Argentina,header/3854-1413448296.jpg?lm=1
Legends,Paolo Maldini,ZAG,26,90,Italy,header/5803-1570438594.jpg?lm=1
Legends,Samuel Eto'o,ATA,30,89,Cameroon,header/4257-1683640611.jpg?lm=1
Legends,Lampard,VOL,32,90,England,header/3163-1674475335.jpg?lm=1
Legends,Didier Drogba,ATA,29,89,Ivory Coast,header/3924-1683633427.jpg?lm=1
Legends,Philipp Lahm,LD,29,87,Germany,header/2219-1471439838.JPG?lm=1
Legends,Deco,MEI,30,86,Portugal,header/8564-1595427079.jpg?lm=1
Legends,Thierry Henry,ATA,31,90,France,header/3207-1683199668.jpg?lm=1
Legends,Gattuso,VOL,28,89,Italy,header/5813-1455612470.jpg?lm=1
Legends,Michael Ballack,MC,26,86,Germany,header/63-1461310873.jpg?lm=1
Legends,Lilian Thuram,ZAG,34,87,France,header/3521-1671091844.jpg?lm=1
Legends,Alessandro Nesta,ZAG,25,87,Italy,header/4171-1455621203.jpg?lm=1
Legends,Claude Makelele,VOL,32,85,France,header/4182-1542019034.jpg?lm=1
Legends,Francesco Toldo,GOL,28,85,Italy,header/5769-1472641469.jpg?lm=1
Legends,David Beckham,MD,27,87,England,header/3139-1459504284.jpg?lm=1
Legends,Del Piero,ATA,29,89,Italy,header/4289-1683631011.jpg?lm=1
Legends,Pavel Nedved,MEI,25,87,Czech Republic,header/3603-1570438744.jpg?lm=1
Legends,Luís Figo,MEI,30,88,Portugal,header/3446-1570440028.jpg?lm=1
Veterans,Mané Garrincha,PD,40,92,Brazil,header/151263-1600769387.jpg?lm=1
Veterans,Zico,MEI,40,91,Brazil,header/117619-1547817527.jpg?lm=1
Veterans,Maradona,MEI,40,93,Argentina,header/8024-1606322777.png?lm=1
Veterans,Platini,MEI,40,90,France,header/88994-1592212447.jpg?lm=1
Veterans,Johan Cruyff,MEI,40,93,Netherlands,header/8021-1458823519.jpg?lm=1
Veterans,Franz Beckenbauer,ZAG,40,93,Germany,header/72347-1578998783.jpg?lm=1
Veterans,Ferenc Puskás,ATA,40,92,Hungary,header/s_103092_4023_2014_03_17_1.jpg?lm=1
Veterans,Pelé,ATA,40,95,Brazil,header/17121-1672341199.jpg?lm=1
Veterans,Claudio Taffarel,GOL,40,91,Brazil,header/5855-1464019262.jpg?lm=1
Veterans,Lev Yashin,GOL,40,91,Russia,header/s_174987_4023_2012_1.jpg?lm=1
Veterans,Djalma Santos,LD,40,90,Brazil,header/137269-1586521530.jpg?lm=1
Veterans,Rivelino,MEI,40,89,Brazil,header/10201-1554713649.jpg?lm=1
Veterans,Gary Lineker,ATA,40,87,England,header/22256-1662992904.jpg?lm=1
Veterans,Ian Rush,ATA,40,88,Wales,header/145743-1524842870.jpg?lm=1
Veterans,Sandro Mazzola,ATA,40,88,Italy,header/145344-1522940109.jpg?lm=1
Veterans,Eusébio,ATA,40,92,Portugal,header/89230-1464768840.jpg?lm=1
Veterans,Bobby Moore,ZAG,40,90,England,header/196086-1598442308.jpg?lm=1
Veterans,Gamarra,ZAG,40,88,Paraguay,header/5779-1687211139.jpg?lm=1
Veterans,Ronald Koeman,ZAG,40,88,Netherlands,header/7940-1461231132.jpg?lm=1
Veterans,Franco Baresi,ZAG,40,92,Italy,header/42049-1672759049.jpg?lm=1
Veterans,Luis Pereira,ZAG,40,88,Brazil,wiki/missing_player.jpg
Veterans,Ademir da Guia,MEI,40,89,Brazil,wiki/missing_player.jpg
Veterans,Lothar Matthaüs,MEI,40,89,Germany,header/1527-1448894024.jpg?lm=1
Veterans,Alfredo Di Stéfano,ZAG,40,91,Spain,header/135778-1465807355.jpg?lm=1
Real Madrid 1961,Alfredo Di Stéfano,ATA,34,94,Argentina,wiki/missing_player.jpg
Real Madrid 1961,Ferenc Puskás,ATA,34,93,Hungary,wiki/missing_player.jpg
Real Madrid 1961,Francisco Gento,ATA,28,91,Spain,wiki/missing_player.jpg
Real Madrid 1961,Ramón Marsal,MEI,28,88,Spain,wiki/missing_player.jpg
Real Madrid 1961,José Santamaría,ZAG,30,89,Uruguay,wiki/missing_player.jpg
Real Madrid 1961,Enrique Mateos,ATA,27,87,Spain,wiki/missing_player.jpg
Real Madrid 1961,Joaquín Peiró,ATA,27,85,Spain,wiki/missing_player.jpg
Real Madrid 1961,Ignacio Zoco,MEI,22,83,Spain,wiki/missing_player.jpg
Real Madrid 1961,Manuel Torres,ATA,25,82,Spain,wiki/missing_player.jpg
Real Madrid 1961,Pachín,MEI,31,86,Spain,wiki/missing_player.jpg
Real Madrid 1961,Marquitos,ZAG,32,87,Spain,wiki/missing_player.jpg
Real Madrid 1961,Félix Ruiz,GOL,27,80,Spain,wiki/missing_player.jpg
Real Madrid 1961,Pedro de Felipe,MEI,27,84,Spain,wiki/missing_player.jpg
Real Madrid 1961,Isidro,ATA,25,81,Spain,wiki/missing_player.jpg
Real Madrid 1961,Mariano,ZAG,30,82,Spain,wiki/missing_player.jpg
Real Madrid 1961,Lesmes,ZAG,36,78,Spain,wiki/missing_player.jpg
Real Madrid 1961,Casado,GOL,32,75,Spain,wiki/missing_player.jpg
Real Madrid 1961,Zárraga,VOL,32,80,Spain,wiki/missing_player.jpg
Real Madrid 1961,José María Vidal,VOL,32,78,Spain,wiki/missing_player.jpg
Benfica 1963,Eusébio,ATA,21,94,Portugal,wiki/missing_player.jpg
Benfica 1963,José Águas,ATA,34,88,Portugal,wiki/missing_player.jpg
Benfica 1963,José Augusto,ATA,27,89,Portugal,wiki/missing_player.jpg
Benfica 1963,Cavém,ATA,23,85,Portugal,wiki/missing_player.jpg
Benfica 1963,Coluna,MEI,28,90,Portugal,wiki/missing_player.jpg
Benfica 1963,Mário João,MEI,25,87,Portugal,wiki/missing_player.jpg
Benfica 1963,Costa Pereira,GOL,31,88,Portugal,wiki/missing_player.jpg
Benfica 1963,Germano,ZAG,25,86,Portugal,wiki/missing_player.jpg
Benfica 1963,Cruz,ZAG,21,85,Portugal,wiki/missing_player.jpg
Benfica 1963,Angelo Martins,ZAG,25,83,Portugal,wiki/missing_player.jpg
Benfica 1963,Jacinto Santos,ZAG,27,85,Portugal,wiki/missing_player.jpg
Benfica 1963,Henrique,CEN,24,84,Portugal,wiki/missing_player.jpg
Benfica 1963,Américo,MEI,28,83,Portugal,wiki/missing_player.jpg
Benfica 1963,Fernando Cruz,MEI,25,80,Portugal,wiki/missing_player.jpg
Benfica 1963,Neto,MEI,23,82,Portugal,wiki/missing_player.jpg
Benfica 1963,Cavém,ATA,24,81,Portugal,wiki/missing_player.jpg
Benfica 1963,Augusto Silva,ATA,24,81,Portugal,wiki/missing_player.jpg
Benfica 1963,Joaquim Santana,ATA,25,82,Portugal,wiki/missing_player.jpg
Benfica 1963,Carlos Alberto,ATA,20,80,Portugal,wiki/missing_player.jpg
Manchester United 1968,Bobby Charlton,MEI,30,92,England,wiki/missing_player.jpg
Manchester United 1968,George Best,ATA,22,93,Northern Ireland,wiki/missing_player.jpg
Manchester United 1968,Denis Law,ATA,28,91,Scotland,wiki/missing_player.jpg
Manchester United 1968,Paddy Crerand,MEI,29,84,Scotland,wiki/missing_player.jpg
Manchester United 1968,Alex Stepney,GOL,26,81,England,wiki/missing_player.jpg
Manchester United 1968,Tony Dunne,ZAG,26,85,Ireland,wiki/missing_player.jpg
Manchester United 1968,Bill Foulkes,ZAG,36,82,England,wiki/missing_player.jpg
Manchester United 1968,Nobby Stiles,MEI,26,85,England,wiki/missing_player.jpg
Manchester United 1968,Tony Book,ZAG,33,84,England,wiki/missing_player.jpg
Manchester United 1968,Brian Kidd,ATA,19,81,England,wiki/missing_player.jpg
Manchester United 1968,David Sadler,ZAG,22,82,England,wiki/missing_player.jpg
Manchester United 1968,Francis Burns,ZAG,28,80,Scotland,wiki/missing_player.jpg
Manchester United 1968,John Aston Jr.,ZAG,20,80,England,wiki/missing_player.jpg
Manchester United 1968,Pat Crerand,MEI,29,84,Scotland,wiki/missing_player.jpg
Manchester United 1968,Brian Kidd,ATA,19,81,England,wiki/missing_player.jpg
Manchester United 1968,Shay Brennan,ZAG,30,78,Ireland,wiki/missing_player.jpg
Manchester United 1968,Tony Dunne,ZAG,26,85,Ireland,wiki/missing_player.jpg
Inter 1965,Speroni,GOL,27,75,Italy,wiki/missing_player.jpg
Inter 1965,Burgnich,LD,27,78,Italy,wiki/missing_player.jpg
Inter 1965,Guarnieri,ZAG,27,75,Italy,wiki/missing_player.jpg
Inter 1965,Artero,ZAG,26,75,Argentina,wiki/missing_player.jpg
Inter 1965,Catenacci,LE,24,75,Italy,wiki/missing_player.jpg
Inter 1965,Sanfilippo,VOL,29,80,Italy,wiki/missing_player.jpg
Inter 1965,Suarez,VOL,28,77,Argentina,wiki/missing_player.jpg
Inter 1965,Mora,ZAG,23,76,Argentina,wiki/missing_player.jpg
Inter 1965,Facchetti,LE,21,82,Italy,wiki/missing_player.jpg
Inter 1965,Corso,ATA,28,80,Italy,wiki/missing_player.jpg
Inter 1965,Mazzola,ATA,28,87,Italy,wiki/missing_player.jpg
Inter 1965,Jair,ATA,31,81,Brazil,wiki/missing_player.jpg
Inter 1965,Picchi,ZAG,26,82,Italy,wiki/missing_player.jpg
Inter 1965,Mazzola,ATA,30,85,Italy,wiki/missing_player.jpg
Inter 1965,Galli,ATA,27,77,Italy,wiki/missing_player.jpg
Inter 1965,Sante,ATA,21,76,Italy,wiki/missing_player.jpg
Inter 1965,Angelillo,ATA,33,76,Argentina,wiki/missing_player.jpg
Inter 1965,Sarti,GOL,24,75,Italy,wiki/missing_player.jpg
Inter 1965,Capellini,LE,21,75,Italy,wiki/missing_player.jpg
Inter 1965,Burgnich,LD,20,75,Italy,wiki/missing_player.jpg
Inter 1965,Mazza,ATA,22,76,Italy,wiki/missing_player.jpg
Ajax 1971,Heinz Stuy,GOL,29,78,Netherlands,wiki/missing_player.jpg
Ajax 1971,Horst Blankenburg,ZAG,24,75,Germany,wiki/missing_player.jpg
Ajax 1971,Barry Hulshoff,ZAG,29,80,Netherlands,wiki/missing_player.jpg
Ajax 1971,Wim Suurbier,LD,26,78,Netherlands,wiki/missing_player.jpg
Ajax 1971,Velibor Vasović,ZAG,30,76,Yugoslavia,wiki/missing_player.jpg
Ajax 1971,Arie Haan,VOL,23,81,Netherlands,wiki/missing_player.jpg
Ajax 1971,Johan Neeskens,VOL,19,87,Netherlands,wiki/missing_player.jpg
Ajax 1971,Sjaak Swart,ATA,32,82,Netherlands,wiki/missing_player.jpg
Ajax 1971,Piet Keizer,LE,28,85,Netherlands,wiki/missing_player.jpg
Ajax 1971,Johan Cruyff,ATA,24,92,Netherlands,wiki/missing_player.jpg
Ajax 1971,Dick van Dijk,ATA,24,75,Netherlands,wiki/missing_player.jpg
Ajax 1971,Heinz Stuy,GOL,29,78,Netherlands,wiki/missing_player.jpg
Ajax 1971,Wim Suurbier,LD,26,78,Netherlands,wiki/missing_player.jpg
Ajax 1971,Velibor Vasović,ZAG,30,76,Yugoslavia,wiki/missing_player.jpg
Ajax 1971,Barry Hulshoff,ZAG,29,80,Netherlands,wiki/missing_player.jpg
Ajax 1971,Johan Neeskens,VOL,19,87,Netherlands,wiki/missing_player.jpg
Ajax 1971,Arie Haan,VOL,23,81,Netherlands,wiki/missing_player.jpg
Bayern Munich 1974,Sepp Maier,GOL,30,84,Germany,wiki/missing_player.jpg
Bayern Munich 1974,Hans-Georg Schwarzenbeck,ZAG,26,84,Germany,wiki/missing_player.jpg
Bayern Munich 1974,Johnny Hansen,ZAG,28,78,Denmark,wiki/missing_player.jpg
Bayern Munich 1974,Bernd Dürnberger,ZAG,27,75,Germany,wiki/missing_player.jpg
Bayern Munich 1974,Berti Vogts,ZAG,28,80,Germany,wiki/missing_player.jpg
Bayern Munich 1974,Rainer Zobel,LE,26,76,Germany,wiki/missing_player.jpg
Bayern Munich 1974,Franz Beckenbauer,VOL,28,89,Germany,wiki/missing_player.jpg
Bayern Munich 1974,Karl-Heinz Rummenigge,ATA,18,82,Germany,wiki/missing_player.jpg
Bayern Munich 1974,Johann Dürnberger,VOL,23,75,Germany,wiki/missing_player.jpg
Bayern Munich 1974,Gerd Müller,ATA,28,91,Germany,wiki/missing_player.jpg
Bayern Munich 1974,Uli Hoeneß,VOL,22,77,Germany,wiki/missing_player.jpg
Bayern Munich 1974,Jupp Kapellmann,LE,22,76,Germany,wiki/missing_player.jpg
Bayern Munich 1974,Hans-Jürgen Bradl,GOL,29,73,Germany,wiki/missing_player.jpg
Bayern Munich 1974,Peter Kupferschmidt,ZAG,28,75,Germany,wiki/missing_player.jpg
Bayern Munich 1974,Wolfgang Schwarze,ATA,22,72,Germany,wiki/missing_player.jpg
Bayern Munich 1974,Hans Kraus,ZAG,29,75,Germany,wiki/missing_player.jpg
Bayern Munich 1974,Dieter Brenninger,ATA,28,72,Germany,wiki/missing_player.jpg
Bayern Munich 1974,Werner Olk,ATA,27,72,Germany,wiki/missing_player.jpg
Bayern Munich 1974,Franz Krauthausen,ZAG,23,73,Germany,wiki/missing_player.jpg
Bayern Munich 1974,Harald Krämer,ZAG,22,74,Germany,wiki/missing_player.jpg
Bayern Munich 1974,Hermann Nuber,ATA,21,71,Germany,wiki/missing_player.jpg
Bayern Munich 1974,Gerd Müller,ATA,28,93,Germany,wiki/missing_player.jpg
Liverpool 1978,Ray Clemence,GOL,30,85,England,wiki/missing_player.jpg
Liverpool 1978,Phil Neal,LD,27,82,England,wiki/missing_player.jpg
Liverpool 1978,Alan Hansen,ZAG,23,85,Scotland,wiki/missing_player.jpg
Liverpool 1978,Emlyn Hughes,ZAG,30,84,England,wiki/missing_player.jpg
Liverpool 1978,Avi Cohen,ZAG,31,78,Israel,wiki/missing_player.jpg
Liverpool 1978,Jimmy Case,VOL,24,80,England,wiki/missing_player.jpg
Liverpool 1978,Terry McDermott,MEI,26,82,England,wiki/missing_player.jpg
Liverpool 1978,Graeme Souness,MEI,25,84,Scotland,wiki/missing_player.jpg
Liverpool 1978,Kevin Keegan,ATA,27,89,England,wiki/missing_player.jpg
Liverpool 1978,Kenny Dalglish,ATA,27,87,Scotland,wiki/missing_player.jpg
Liverpool 1978,David Fairclough,ATA,21,76,England,wiki/missing_player.jpg
Liverpool 1978,Steve Heighway,ATA,29,79,Ireland,wiki/missing_player.jpg
Liverpool 1978,Phil Thompson,ZAG,24,78,England,wiki/missing_player.jpg
Liverpool 1978,Ray Kennedy,VOL,27,84,England,wiki/missing_player.jpg
Liverpool 1978,Ian Callaghan,VOL,36,80,England,wiki/missing_player.jpg
Liverpool 1978,Alan Kennedy,LE,22,76,England,wiki/missing_player.jpg
Liverpool 1978,Jimmy Greenhoff,ATA,34,76,England,wiki/missing_player.jpg
Liverpool 1978,David Johnson,ATA,28,78,England,wiki/missing_player.jpg
Liverpool 1978,Steve Ogrizovic,GOL,20,72,England,wiki/missing_player.jpg
Liverpool 1978,Colin Irwin,ATA,21,73,England,wiki/missing_player.jpg
Liverpool 1978,Phil Boersma,ATA,26,74,England,wiki/missing_player.jpg
Liverpool 1978,Jimmy Case,VOL,25,77,England,wiki/missing_player.jpg
Nottingham Forest 1979,Peter Shilton,GOL,29,88,England,wiki/missing_player.jpg
Nottingham Forest 1979,Viv Anderson,LD,23,82,England,wiki/missing_player.jpg
Nottingham Forest 1979,Kenny Burns,ZAG,24,85,Scotland,wiki/missing_player.jpg
Nottingham Forest 1979,Bryn Gunn,ZAG,25,78,Wales,wiki/missing_player.jpg
Nottingham Forest 1979,Colin Barrett,ZAG,22,77,England,wiki/missing_player.jpg
Nottingham Forest 1979,Martin O'Neill,MEI,26,80,Northern Ireland,wiki/missing_player.jpg
Nottingham Forest 1979,John McGovern,MEI,30,80,Scotland,wiki/missing_player.jpg
Nottingham Forest 1979,Archie Gemmill,MEI,32,80,Scotland,wiki/missing_player.jpg
Nottingham Forest 1979,Tony Woodcock,ATA,24,84,England,wiki/missing_player.jpg
Nottingham Forest 1979,John Robertson,ATA,26,85,Scotland,wiki/missing_player.jpg
Nottingham Forest 1979,Garry Birtles,ATA,22,79,England,wiki/missing_player.jpg
Nottingham Forest 1979,Steve Sutton,GOL,20,75,England,wiki/missing_player.jpg
Nottingham Forest 1979,Colin Walsh,ZAG,19,73,England,wiki/missing_player.jpg
Nottingham Forest 1979,Garry Parker,ATA,18,75,England,wiki/missing_player.jpg
Nottingham Forest 1979,Lawrie Madden,ZAG,26,75,Scotland,wiki/missing_player.jpg
Nottingham Forest 1979,Trevor Francis,ATA,25,86,England,wiki/missing_player.jpg
Nottingham Forest 1979,Gary Mills,MEI,19,75,England,wiki/missing_player.jpg
Nottingham Forest 1979,David Needham,ZAG,26,77,England,wiki/missing_player.jpg
Nottingham Forest 1979,Mark Proctor,ATA,19,75,England,wiki/missing_player.jpg
Nottingham Forest 1979,Justin Fashanu,ATA,18,76,England,wiki/missing_player.jpg
Nottingham Forest 1979,Colin Walsh,ZAG,19,73,England,wiki/missing_player.jpg
Nottingham Forest 1979,Steve Sutton,GOL,20,75,England,wiki/missing_player.jpg
Hamburgo 1983,Martin Hain,GOL,24,75,Germany,wiki/missing_player.jpg
Hamburgo 1983,Jörg Albertz,LD,18,73,Germany,wiki/missing_player.jpg
Hamburgo 1983,Manfred Kaltz,LD,20,82,Germany,wiki/missing_player.jpg
Hamburgo 1983,Franz-Josef Steininger,ZAG,25,74,Germany,wiki/missing_player.jpg
Hamburgo 1983,Wolfgang Rolff,ZAG,23,75,Germany,wiki/missing_player.jpg
Hamburgo 1983,Dietmar Jakobs,LE,23,76,Germany,wiki/missing_player.jpg
Hamburgo 1983,Kevin Keegan,ATA,32,84,England,wiki/missing_player.jpg
Hamburgo 1983,Holger Hieronymus,ZAG,27,79,Germany,wiki/missing_player.jpg
Hamburgo 1983,Felix Magath,VOL,30,83,Germany,wiki/missing_player.jpg
Hamburgo 1983,Jimmy Hartwig,VOL,29,77,Germany,wiki/missing_player.jpg
Hamburgo 1983,Caspar Memering,VOL,29,78,Germany,wiki/missing_player.jpg
Hamburgo 1983,Wilhelm Huberts,VOL,24,76,Germany,wiki/missing_player.jpg
Hamburgo 1983,Wolfgang Frank,VOL,24,77,Germany,wiki/missing_player.jpg
Hamburgo 1983,Franz Gerber,MEI,21,74,Germany,wiki/missing_player.jpg
Hamburgo 1983,Peter Hidien,ATA,22,75,Germany,wiki/missing_player.jpg
Hamburgo 1983,Thomas von Heesen,ATA,22,75,Germany,wiki/missing_player.jpg
Hamburgo 1983,Jürgen Milewski,ATA,19,74,Germany,wiki/missing_player.jpg
Hamburgo 1983,Horst Hrubesch,ATA,32,85,Germany,wiki/missing_player.jpg
Hamburgo 1983,Robert Gebhardt,ATA,22,74,Germany,wiki/missing_player.jpg
Hamburgo 1983,Thomas Wiesel,ATA,20,75,Germany,wiki/missing_player.jpg
Hamburgo 1983,Klaus Fock,ATA,21,75,Germany,wiki/missing_player.jpg
Hamburgo 1983,Karl Allgöwer,ATA,21,75,Germany,wiki/missing_player.jpg
Juventus 1985,Stefano Tacconi,GOL,28,81,Italy,wiki/missing_player.jpg
Juventus 1985,Massimo Bonini,VOL,25,78,San Marino,wiki/missing_player.jpg
Juventus 1985,Paolo Virdis,ATA,24,76,Italy,wiki/missing_player.jpg
Juventus 1985,Michel Platini,MEI,30,93,France,wiki/missing_player.jpg
Juventus 1985,Sergio Brio,ZAG,26,76,Italy,wiki/missing_player.jpg
Juventus 1985,Aldo Serena,ATA,25,77,Italy,wiki/missing_player.jpg
Juventus 1985,Marco Tardelli,MEI,31,77,Italy,wiki/missing_player.jpg
Juventus 1985,Favero,VOL,21,75,Italy,wiki/missing_player.jpg
Juventus 1985,Pietro Paolo Virdis,ATA,20,76,Italy,wiki/missing_player.jpg
Juventus 1985,Giovanni Galli,GOL,23,75,Italy,wiki/missing_player.jpg
Juventus 1985,Massimo Carrera,LD,21,75,Italy,wiki/missing_player.jpg
Juventus 1985,Stefano Pellegrini,ZAG,22,75,Italy,wiki/missing_player.jpg
Juventus 1985,Luciano,ZAG,24,76,Italy,wiki/missing_player.jpg
Juventus 1985,Massimo Bonini,VOL,25,77,San Marino,wiki/missing_player.jpg
Juventus 1985,Francesco Paolo Rocca,ATA,20,75,Italy,wiki/missing_player.jpg
Juventus 1985,Massimo Mauro,VOL,26,76,Italy,wiki/missing_player.jpg
Juventus 1985,Michel Platini,MEI,30,92,France,wiki/missing_player.jpg
Juventus 1985,Rino Marchesi,VOL,28,75,Italy,wiki/missing_player.jpg
Juventus 1985,Paolo Rossi,ATA,29,77,Italy,wiki/missing_player.jpg
Juventus 1985,Stefano Pioli,ZAG,20,75,Italy,wiki/missing_player.jpg
Juventus 1985,Favero,ATA,20,75,Italy,wiki/missing_player.jpg
Juventus 1985,Franco Causio,ATA,36,76,Italy,wiki/missing_player.jpg
Napoli 1989,Giuliani,GOL,28,74,Italy,wiki/missing_player.jpg
Napoli 1989,Claudio Taffarel,GOL,23,79,Brazil,header/5855-1464019262.jpg?lm=1
Napoli 1989,Giovanni Galli,GOL,25,76,Italy,wiki/missing_player.jpg
Napoli 1989,Ciro Ferrara,LD,22,80,Italy,header/5749-1519400744.jpg?lm=1
Napoli 1989,Corradini,LD,30,77,Italy,header/5749-1519400744.jpg?lm=1
Napoli 1989,Giovanni Francini,LE,28,79,Italy,wiki/missing_player.jpg
Napoli 1989,Alessandro Renica,ZAG,23,79,Italy,wiki/missing_player.jpg
Napoli 1989,Salvatore Bagni,VOL,30,80,Italy,wiki/missing_player.jpg
Napoli 1989,Francesco Romano,VOL,24,72,Italy,wiki/missing_player.jpg
Napoli 1989,Massimo Mauro,VOL,26,76,Italy,header/120383-1682336271.jpg?lm=1
Napoli 1989,Lorenzo Ferrini,VOL,27,75,Italy,wiki/missing_player.jpg
Napoli 1989,Fusi,MC,30,77,Italy,wiki/missing_player.jpg
Napoli 1989,Crippa,MC,30,77,Italy,wiki/missing_player.jpg
Napoli 1989,Carannante,MC,30,75,Italy,wiki/missing_player.jpg
Napoli 1989,Alemão,MC,28,81,Brazil,header/s_117634_123_2013_01_04_1.jpg?lm=1
Napoli 1989,Fernando De Napoli,VOL,26,80,Italy,header/116755-1653920699.jpg?lm=1
Napoli 1989,Gianfranco Zola,MEI,22,76,Italy,header/s_3177_123_2012_1.jpg?lm=1
Napoli 1989,Diego Maradona,MEI,28,95,Argentina,header/8024-1606322777.png?lm=1
Napoli 1989,Bruno Giordano,ATA,34,74,Italy,wiki/missing_player.jpg
Napoli 1989,Michele Padovano,ATA,25,75,Italy,wiki/missing_player.jpg
Napoli 1989,Francesco Cappellini,ATA,24,70,Italy,wiki/missing_player.jpg
Napoli 1989,Andrea Carnevale,ATA,22,78,Italy,wiki/missing_player.jpg
Napoli 1989,Careca,ATA,28,86,Brazil,header/s_117626_123_2012_1.jpg?lm=1
Milan 1990,Franco Baresi,ZAG,29,93,Italy,wiki/missing_player.jpg
Milan 1990,Ruud Gullit,MEI,28,90,Netherlands,wiki/missing_player.jpg
Milan 1990,Marco van Basten,ATA,26,92,Netherlands,wiki/missing_player.jpg
Milan 1990,Carlo Ancelotti,MEI,31,86,Italy,wiki/missing_player.jpg
Milan 1990,Franco Mancini,ZAG,27,81,Italy,wiki/missing_player.jpg
Milan 1990,Paolo Maldini,ZAG,22,89,Italy,wiki/missing_player.jpg
Milan 1990,Alessandro Costacurta,ZAG,24,82,Italy,wiki/missing_player.jpg
Milan 1990,Alessandro Nesta,ZAG,18,76,Italy,wiki/missing_player.jpg
Milan 1990,Roberto Donadoni,MEI,27,88,Italy,wiki/missing_player.jpg
Milan 1990,Frank Rijkaard,MEI,27,88,Netherlands,wiki/missing_player.jpg
Milan 1990,Angelo Colombo,MEI,27,81,Italy,wiki/missing_player.jpg
Milan 1990,Gianluigi Lentini,ATA,21,87,Italy,wiki/missing_player.jpg
Milan 1990,Mauro Tassotti,ZAG,30,82,Italy,wiki/missing_player.jpg
Milan 1990,Sebastiano Rossi,GOL,26,79,Italy,wiki/missing_player.jpg
Milan 1990,Angelo Carbone,MEI,21,70,Italy,wiki/missing_player.jpg
Milan 1990,Alessandro Orlando,GOL,21,70,Italy,wiki/missing_player.jpg
Milan 1990,Roberto Mussi,ZAG,23,73,Italy,wiki/missing_player.jpg
Milan 1990,Roberto Tricella,ZAG,28,73,Italy,wiki/missing_player.jpg
Barcelona 1992,Andoni Zubizarreta,GOL,30,87,Spain,wiki/missing_player.jpg
Barcelona 1992,Albert Ferrer,LD,21,79,Spain,wiki/missing_player.jpg
Barcelona 1992,Josep Guardiola,VOL,21,85,Spain,wiki/missing_player.jpg
Barcelona 1992,Ronald Koeman,ZAG,29,88,Netherlands,wiki/missing_player.jpg
Barcelona 1992,Andreu Busquets,ZAG,23,78,Spain,wiki/missing_player.jpg
Barcelona 1992,Michael Laudrup,MEI,27,89,Denmark,wiki/missing_player.jpg
Barcelona 1992,Alejandro Sabella,MEI,37,75,Argentina,wiki/missing_player.jpg
Barcelona 1992,José Mari Bakero,MEI,29,85,Spain,wiki/missing_player.jpg
Barcelona 1992,Julio Salinas,ATA,29,80,Spain,wiki/missing_player.jpg
Barcelona 1992,Hristo Stoichkov,ATA,26,87,Bulgaria,wiki/missing_player.jpg
Barcelona 1992,Toni,ATA,24,79,Spain,wiki/missing_player.jpg
Barcelona 1992,Carlos Busquets,GOL,25,75,Spain,wiki/missing_player.jpg
Barcelona 1992,Juan Carlos,ATA,27,78,Spain,wiki/missing_player.jpg
Barcelona 1992,Salvador Sadurní,GOL,31,75,Spain,wiki/missing_player.jpg
Barcelona 1992,Óscar,LD,22,75,Spain,wiki/missing_player.jpg
Barcelona 1992,Soler,LD,26,75,Spain,wiki/missing_player.jpg
Barcelona 1992,Miguel Ángel,LE,29,75,Spain,wiki/missing_player.jpg
Barcelona 1992,Nadal,LD,25,75,Spain,wiki/missing_player.jpg
Barcelona 1992,Amor,MEI,24,78,Spain,wiki/missing_player.jpg
Barcelona 1992,Eusebio,MEI,27,77,Spain,wiki/missing_player.jpg
Barcelona 1992,Joaquim Rifé,ATA,28,75,Spain,wiki/missing_player.jpg
Barcelona 1992,Eskurza,MEI,27,75,Spain,wiki/missing_player.jpg
Barcelona 1992,Salillas,ZAG,27,75,Spain,wiki/missing_player.jpg
Ajax 1994,Stanley Menzo,GOL,31,78,Netherlands,wiki/missing_player.jpg
Ajax 1994,Edwin van der Sar,GOL,23,86,Netherlands,wiki/missing_player.jpg
Ajax 1994,Fred Grim,GOL,29,80,Netherlands,wiki/missing_player.jpg
Ajax 1994,Frank de Boer,ZAG,23,88,Netherlands,wiki/missing_player.jpg
Ajax 1994,Michael Reiziger,ZAG,20,84,Netherlands,wiki/missing_player.jpg
Ajax 1994,Frank Rijkaard,ZAG,31,87,Netherlands,wiki/missing_player.jpg
Ajax 1994,Sonny Silooy,ZAG,30,80,Netherlands,wiki/missing_player.jpg
Ajax 1994,Danny Blind,ZAG,32,85,Netherlands,wiki/missing_player.jpg
Ajax 1994,Frank Verlaat,ZAG,27,80,Netherlands,wiki/missing_player.jpg
Ajax 1994,Aron Winter,MEI,26,83,Netherlands,wiki/missing_player.jpg
Ajax 1994,Bryan Roy,MEI,24,85,Netherlands,wiki/missing_player.jpg
Ajax 1994,Ronald de Boer,MEI,23,86,Netherlands,wiki/missing_player.jpg
Ajax 1994,Dennis Bergkamp,ATA,25,90,Netherlands,wiki/missing_player.jpg
Ajax 1994,Nwankwo Kanu,ATA,17,80,Nigeria,wiki/missing_player.jpg
Ajax 1994,John van den Brom,MEI,27,79,Netherlands,wiki/missing_player.jpg
Ajax 1994,Marciano Vink,MEI,28,79,Netherlands,wiki/missing_player.jpg
Ajax 1994,Rob Alflen,MEI,26,80,Netherlands,wiki/missing_player.jpg
Ajax 1994,Orlando Trustfull,MEI,24,81,Netherlands,wiki/missing_player.jpg
Ajax 1994,Peter van Vossen,ATA,25,82,Netherlands,wiki/missing_player.jpg
Ajax 1994,Ronald Waterreus,GOL,23,77,Netherlands,wiki/missing_player.jpg
Ajax 1994,Arnold Scholten,MEI,29,78,Netherlands,wiki/missing_player.jpg
Ajax 1994,John Bosman,ATA,28,80,Netherlands,wiki/missing_player.jpg
Ajax 1994,Ulrich van Gobbel,ZAG,23,79,Netherlands,wiki/missing_player.jpg
Ajax 1994,Shota Arveladze,ATA,21,81,Georgia,wiki/missing_player.jpg
Man Utd 1999,Peter Schmeichel,GOL,35,90,Denmark,wiki/missing_player.jpg
Man Utd 1999,Gary Neville,LD,24,85,England,wiki/missing_player.jpg
Man Utd 1999,Denis Irwin,LE,33,83,Ireland,wiki/missing_player.jpg
Man Utd 1999,Jaap Stam,ZAG,26,89,Netherlands,wiki/missing_player.jpg
Man Utd 1999,Ronny Johnsen,ZAG,29,80,Norway,wiki/missing_player.jpg
Man Utd 1999,Ryan Giggs,MEI,25,87,Wales,wiki/missing_player.jpg
Man Utd 1999,David Beckham,MEI,24,88,England,wiki/missing_player.jpg
Man Utd 1999,Nicky Butt,MEI,24,81,England,wiki/missing_player.jpg
Man Utd 1999,Paul Scholes,MEI,24,86,England,wiki/missing_player.jpg
Man Utd 1999,Dwight Yorke,ATA,27,85,Trinidad and Tobago,wiki/missing_player.jpg
Man Utd 1999,Andy Cole,ATA,27,85,England,wiki/missing_player.jpg
Man Utd 1999,Ole Gunnar Solskjær,ATA,25,85,Norway,wiki/missing_player.jpg
Man Utd 1999,Mark Bosnich,GOL,27,75,Australia,wiki/missing_player.jpg
Man Utd 1999,Wes Brown,ZAG,19,76,England,wiki/missing_player.jpg
Man Utd 1999,John Curtis,LD,21,75,England,wiki/missing_player.jpg
Man Utd 1999,Jesper Blomqvist,LE,24,79,Sweden,wiki/missing_player.jpg
Man Utd 1999,Raimond van der Gouw,GOL,35,73,Netherlands,wiki/missing_player.jpg
Man Utd 1999,Nicky Butt,MEI,24,81,England,wiki/missing_player.jpg
Man Utd 1999,Roy Keane,MEI,28,89,Ireland,wiki/missing_player.jpg
Man Utd 1999,David May,ZAG,28,75,England,wiki/missing_player.jpg
Man Utd 1999,Wes Brown,ZAG,19,76,England,wiki/missing_player.jpg
Man Utd 1999,Ole Gunnar Solskjær,ATA,25,85,Norway,wiki/missing_player.jpg
Barcelona 1999,Ruud Hesp,GOL,34,78,Netherlands,wiki/missing_player.jpg
Barcelona 1999,Michael Reiziger,LD,25,81,Netherlands,wiki/missing_player.jpg
Barcelona 1999,Frank de Boer,ZAG,28,85,Netherlands,wiki/missing_player.jpg
Barcelona 1999,Abelardo,ZAG,29,80,Spain,wiki/missing_player.jpg
Barcelona 1999,Philip Cocu,VOL,28,82,Netherlands,wiki/missing_player.jpg
Barcelona 1999,Frank Rijkaard,VOL,36,84,Netherlands,wiki/missing_player.jpg
Barcelona 1999,Pep Guardiola,VOL,28,85,Spain,wiki/missing_player.jpg
Barcelona 1999,Rivaldo,ATA,27,92,Brazil,wiki/missing_player.jpg
Barcelona 1999,Luis Enrique,ATA,29,86,Spain,wiki/missing_player.jpg
Barcelona 1999,Patrick Kluivert,ATA,22,86,Netherlands,wiki/missing_player.jpg
Barcelona 1999,Phillip Cocu,VOL,29,81,Netherlands,wiki/missing_player.jpg
Barcelona 1999,Víctor Valdés,GOL,17,70,Spain,wiki/missing_player.jpg
Barcelona 1999,Xavi,VOL,19,82,Spain,wiki/missing_player.jpg
Barcelona 1999,Óscar García,ATA,26,75,Spain,wiki/missing_player.jpg
Barcelona 1999,Patrick Andersson,ZAG,27,82,Sweden,wiki/missing_player.jpg
Barcelona 1999,Fernando Couto,ZAG,30,80,Portugal,wiki/missing_player.jpg
Barcelona 1999,Luis Figo,MEI,26,91,Portugal,wiki/missing_player.jpg
Bayern Munich 2001,Oliver Kahn,GOL,31,91,Germany,wiki/missing_player.jpg
Bayern Munich 2001,Thomas Linke,ZAG,31,82,Germany,wiki/missing_player.jpg
Bayern Munich 2001,Samuel Kuffour,ZAG,24,85,Ghana,wiki/missing_player.jpg
Bayern Munich 2001,Bixente Lizarazu,LE,31,84,France,wiki/missing_player.jpg
Bayern Munich 2001,Thomas Strunz,VOL,33,80,Germany,wiki/missing_player.jpg
Bayern Munich 2001,Stefan Effenberg,VOL,32,87,Germany,wiki/missing_player.jpg
Bayern Munich 2001,Owen Hargreaves,VOL,20,78,England,wiki/missing_player.jpg
Bayern Munich 2001,Salihamidžić,ATA,24,80,Bosnia and Herzegovina,wiki/missing_player.jpg
Bayern Munich 2001,Carsten Jancker,ATA,27,80,Germany,wiki/missing_player.jpg
Bayern Munich 2001,Paulo Sérgio,ATA,32,83,Brazil,wiki/missing_player.jpg
Bayern Munich 2001,Giovane Élber,ATA,29,84,Brazil,wiki/missing_player.jpg
Bayern Munich 2001,Bernd Dreher,GOL,32,72,Germany,wiki/missing_player.jpg
Bayern Munich 2001,Thomas Linke,ZAG,31,82,Germany,wiki/missing_player.jpg
Bayern Munich 2001,Hans Pflügler,ZAG,35,75,Germany,wiki/missing_player.jpg
Bayern Munich 2001,Michael Tarnat,LE,31,81,Germany,wiki/missing_player.jpg
Bayern Munich 2001,Robert Kováč,LE,27,75,Czech Republic,wiki/missing_player.jpg
Bayern Munich 2001,Paul Agostino,ATA,26,72,Australia,wiki/missing_player.jpg
Bayern Munich 2001,Roque Santa Cruz,ATA,19,76,Paraguay,wiki/missing_player.jpg
Bayern Munich 2001,Hasan Salihamidžić,ATA,24,79,Bosnia and Herzegovina,wiki/missing_player.jpg
Bayern Munich 2001,Bastian Schweinsteiger,VOL,17,73,Germany,wiki/missing_player.jpg
Bayern Munich 2001,Martin Demichelis,ZAG,20,73,Argentina,wiki/missing_player.jpg
Bayern Munich 2001,Thomas Strunz,VOL,33,80,Germany,wiki/missing_player.jpg
Bayern Munich 2001,Jan Schlaudraff,ATA,18,72,Germany,wiki/missing_player.jpg
Leverkusen 2002,Hans-Jörg Butt,GOL,27,80,Germany,wiki/missing_player.jpg
Leverkusen 2002,Rüdiger Vollborn,GOL,38,75,Germany,wiki/missing_player.jpg
Leverkusen 2002,Jörg Reeb,GOL,23,75,Germany,wiki/missing_player.jpg
Leverkusen 2002,Lúcio,ZAG,23,84,Brazil,wiki/missing_player.jpg
Leverkusen 2002,Jens Nowotny,ZAG,27,84,Germany,wiki/missing_player.jpg
Leverkusen 2002,Zoltán Sebescen,ZAG,29,80,Germany,wiki/missing_player.jpg
Leverkusen 2002,Diego Placente,ZAG,25,80,Argentina,wiki/missing_player.jpg
Leverkusen 2002,Boris Živković,ZAG,31,79,Croatia,wiki/missing_player.jpg
Leverkusen 2002,Thomas Hengen,ZAG,28,76,Germany,wiki/missing_player.jpg
Leverkusen 2002,Juan,MEI,27,83,Brazil,wiki/missing_player.jpg
Leverkusen 2002,Michael Ballack,MEI,25,88,Germany,wiki/missing_player.jpg
Leverkusen 2002,Emerson,MEI,25,85,Brazil,wiki/missing_player.jpg
Leverkusen 2002,Jens Jeremies,MEI,27,83,Germany,wiki/missing_player.jpg
Leverkusen 2002,Carsten Ramelow,MEI,29,81,Germany,wiki/missing_player.jpg
Leverkusen 2002,Bernd Schneider,MEI,28,86,Germany,wiki/missing_player.jpg
Leverkusen 2002,Jan-Ingwer Callsen-Bracker,MEI,28,75,Germany,wiki/missing_player.jpg
Leverkusen 2002,Yıldıray Baştürk,MEI,24,82,Turkey,wiki/missing_player.jpg
Leverkusen 2002,Andriy Voronin,ATA,22,82,Ukraine,wiki/missing_player.jpg
Leverkusen 2002,Oliver Neuville,ATA,29,82,Germany,wiki/missing_player.jpg
Leverkusen 2002,Ulf Kirsten,ATA,35,83,Germany,wiki/missing_player.jpg
Leverkusen 2002,Thomas Brdarić,ATA,27,80,Germany,wiki/missing_player.jpg
Leverkusen 2002,René Aufhauser,MEI,24,79,Austria,wiki/missing_player.jpg
Leverkusen 2002,Gábor Király,GOL,25,76,Hungary,wiki/missing_player.jpg
Leverkusen 2002,Athirson,ZAG,26,79,Brazil,wiki/missing_player.jpg
Arsenal 2003,Jens Lehmann,GOL,31,83,Germany,wiki/missing_player.jpg
Arsenal 2003,Lauren,LD,26,80,Cameroon,wiki/missing_player.jpg
Arsenal 2003,Ashley Cole,LE,22,85,England,wiki/missing_player.jpg
Arsenal 2003,Patrick Vieira,VOL,27,88,France,wiki/missing_player.jpg
Arsenal 2003,Martin Keown,ZAG,37,76,England,wiki/missing_player.jpg
Arsenal 2003,Robert Pirès,MC,30,81,France,wiki/missing_player.jpg
Arsenal 2003,Cesc Fàbregas,MC,16,71,Spain,wiki/missing_player.jpg
Arsenal 2003,Fredrik Ljungberg,MEI,26,81,Sweden,wiki/missing_player.jpg
Arsenal 2003,José Antonio Reyes,ATA,20,75,Spain,wiki/missing_player.jpg
Arsenal 2003,Dennis Bergkamp,ATA,34,88,Netherlands,wiki/missing_player.jpg
Arsenal 2003,Sylvain Wiltord,ATA,29,82,France,wiki/missing_player.jpg
Arsenal 2003,Thierry Henry,ATA,26,90,France,wiki/missing_player.jpg
Arsenal 2003,Ray Parlour,MEI,30,75,England,wiki/missing_player.jpg
Arsenal 2003,Edu,MEI,25,79,Brazil,wiki/missing_player.jpg
Arsenal 2003,Pascal Cygan,ZAG,29,76,France,wiki/missing_player.jpg
Arsenal 2003,Gilberto Silva,VOL,26,85,Brazil,wiki/missing_player.jpg
Arsenal 2003,Philippe Senderos,ZAG,18,70,Switzerland,wiki/missing_player.jpg
Arsenal 2003,Nwankwo Kanu,ATA,27,83,Nigeria,wiki/missing_player.jpg
Arsenal 2003,Gaël Clichy,LE,18,80,France,wiki/missing_player.jpg
Arsenal 2003,Sol Campbell,ZAG,29,84,England,wiki/missing_player.jpg
Arsenal 2003,Rami Shaaban,GOL,28,72,Sweden,wiki/missing_player.jpg
Arsenal 2003,David Bentley,MC,19,66,England,wiki/missing_player.jpg
Arsenal 2003,Jérémie Aliadière,ATA,20,70,France,wiki/missing_player.jpg
Arsenal 2003,Quincy Owusu-Abeyie,ATA,17,64,Netherlands,wiki/missing_player.jpg
Arsenal 2003,Kolo Touré,ZAG,22,73,Ivory Coast,wiki/missing_player.jpg
Arsenal 2003,Ryan Garry,ZAG,21,67,England,wiki/missing_player.jpg
Arsenal 2003,Moritz Volz,ZAG,20,69,Germany,wiki/missing_player.jpg
Arsenal 2003,Stuart Taylor,GOL,23,72,England,wiki/missing_player.jpg
Juventus 2003,Gianluigi Buffon,GOL,25,90,Italy,wiki/missing_player.jpg
Juventus 2003,Antonio Chimenti,GOL,32,78,Italy,wiki/missing_player.jpg
Juventus 2003,Fabrizio Miccoli,ATA,23,85,Italy,wiki/missing_player.jpg
Juventus 2003,Mark Iuliano,ZAG,29,82,Italy,wiki/missing_player.jpg
Juventus 2003,Ciro Ferrara,ZAG,35,80,Italy,wiki/missing_player.jpg
Juventus 2003,Paolo Montero,ZAG,31,82,Uruguay,wiki/missing_player.jpg
Juventus 2003,Igor Tudor,ZAG,25,83,Croatia,wiki/missing_player.jpg
Juventus 2003,Enzo Maresca,MEI,23,81,Italy,wiki/missing_player.jpg
Juventus 2003,Alessio Tacchinardi,MEI,27,82,Italy,wiki/missing_player.jpg
Juventus 2003,Gianluca Pessotto,ZAG,32,76,Italy,wiki/missing_player.jpg
Juventus 2003,Edgar Davids,MEI,30,85,Netherlands,wiki/missing_player.jpg
Juventus 2003,Alessandro Birindelli,ZAG,28,77,Italy,wiki/missing_player.jpg
Juventus 2003,Enzo Scifo,MEI,37,80,Belgium,wiki/missing_player.jpg
Juventus 2003,David Trezeguet,ATA,25,87,France,wiki/missing_player.jpg
Juventus 2003,Marcelo Zalayeta,ATA,24,81,Uruguay,wiki/missing_player.jpg
Juventus 2003,Alessandro Del Piero,ATA,28,88,Italy,header/4289-1683631011.jpg?lm=1
Juventus 2003,Salvatore Fresi,ZAG,26,76,Italy,wiki/missing_player.jpg
Juventus 2003,Antonio Conte,MEI,33,80,Italy,wiki/missing_player.jpg
Juventus 2003,Pavel Nedvěd,MEI,30,90,Czech Republic,header/3603-1570438744.jpg?lm=1
Juventus 2003,Mauro Camoranesi,VOL,26,84,Italy,wiki/missing_player.jpg
Juventus 2003,Nicola Legrottaglie,ZAG,26,80,Italy,wiki/missing_player.jpg
Juventus 2003,Giorgio Chiellini,ZAG,18,78,Italy,wiki/missing_player.jpg
Juventus 2003,Alessandro Romagnoli,MEI,22,77,Italy,wiki/missing_player.jpg
Juventus 2003,Rubén Olivera,ATA,19,78,Uruguay,wiki/missing_player.jpg
Juventus 2003,Ousmane Dabo,MEI,26,78,France,wiki/missing_player.jpg
Juventus 2003,Marcelo Salas,ATA,28,85,Chile,wiki/missing_player.jpg
Real Madrid 2004,Iker Casillas,GOL,22,89,Spain,header/3979-1684226777.jpeg?lm=1
Real Madrid 2004,César Sánchez,GOL,32,81,Spain,header/7510-1682349584.jpg?lm=1
Real Madrid 2004,Santiago Cañizares,GOL,34,84,Spain,wiki/missing_player.jpg
Real Madrid 2004,Michel Salgado,LD,28,85,Spain,header/s_7515_123_2013_07_22_1.jpg?lm=1
Real Madrid 2004,Francisco Pavón,ZAG,23,80,Spain,header/7517-1683038277.jpg?lm=1
Real Madrid 2004,Roberto Carlos,LE,31,87,Brazil,header/7518-1595321817.jpg?lm=1
Real Madrid 2004,Aitor Karanka,ZAG,30,82,Spain,wiki/missing_player.jpg
Real Madrid 2004,Borja,ZAG,22,77,Spain,wiki/missing_player.jpg
Real Madrid 2004,Iván Helguera,MEI,28,86,Spain,header/7514-1413446725.jpg?lm=1
Real Madrid 2004,Claude Makélélé,VOL,31,88,France,wiki/missing_player.jpg
Real Madrid 2004,Santiago Solari,MEI,27,83,Argentina,wiki/missing_player.jpg
Real Madrid 2004,Luis Figo,MEI,31,90,Portugal,header/3446-1570440028.jpg?lm=1
Real Madrid 2004,Albert Celades,MEI,29,79,Spain,wiki/missing_player.jpg
Real Madrid 2004,Guti,MC,27,87,Spain,header/7530-1413446618.jpg?lm=1
Real Madrid 2004,Steve McManaman,MEI,32,82,England,wiki/missing_player.jpg
Real Madrid 2004,Zinedine Zidane,MEI,31,92,France,header/3111-1478769687.jpg?lm=1
Real Madrid 2004,Raúl,ATA,26,90,Spain,header/7349-1570439548.jpg?lm=1
Real Madrid 2004,Ronaldo,ATA,27,92,Brazil,header/3140-1489417571.jpg?lm=1
Real Madrid 2004,Fernando Morientes,ATA,27,84,Spain,header/7531-1683669122.jpg?lm=1
Real Madrid 2004,Javier Portillo,ATA,22,81,Spain,wiki/missing_player.jpg
Real Madrid 2004,Javier Balboa,ATA,18,76,Equatorial Guinea,wiki/missing_player.jpg
Real Madrid 2004,Borja Fernández,MEI,22,76,Spain,wiki/missing_player.jpg
Real Madrid 2004,Albert Luque,ATA,25,82,Spain,wiki/missing_player.jpg
Porto 2004,Vítor Baía,GOL,34,84,Portugal,wiki/missing_player.jpg
Porto 2004,Nuno,GOL,34,80,Portugal,wiki/missing_player.jpg
Porto 2004,Nuno Valente,LE,28,81,Portugal,wiki/missing_player.jpg
Porto 2004,Jorge Costa,ZAG,32,82,Portugal,wiki/missing_player.jpg
Porto 2004,Pedro Emanuel,ZAG,28,81,Portugal,wiki/missing_player.jpg
Porto 2004,Ricardo Carvalho,ZAG,25,85,Portugal,wiki/missing_player.jpg
Porto 2004,Paulo Ferreira,LD,24,83,Portugal,wiki/missing_player.jpg
Porto 2004,César Peixoto,ZAG,23,78,Portugal,wiki/missing_player.jpg
Porto 2004,Carlos Secretário,ZAG,30,79,Portugal,wiki/missing_player.jpg
Porto 2004,Ricardo Costa,ZAG,22,78,Portugal,wiki/missing_player.jpg
Porto 2004,Dmitri Alenichev,MEI,31,82,Russia,wiki/missing_player.jpg
Porto 2004,Costinha,VOL,29,85,Portugal,wiki/missing_player.jpg
Porto 2004,Deco,MEI,25,88,Portugal,wiki/missing_player.jpg
Porto 2004,Maniche,MC,26,83,Portugal,wiki/missing_player.jpg
Porto 2004,Raul Meireles,MEI,20,77,Portugal,wiki/missing_player.jpg
Porto 2004,Derlei,ATA,28,84,Brazil,wiki/missing_player.jpg
Porto 2004,Benni McCarthy,ATA,26,84,South Africa,wiki/missing_player.jpg
Porto 2004,Mário Jardel,ATA,30,85,Brazil,wiki/missing_player.jpg
Porto 2004,Alen Peternac,ATA,33,76,Croatia,wiki/missing_player.jpg
Porto 2004,Clayton,ATA,25,77,Brazil,wiki/missing_player.jpg
Porto 2004,Sérgio Conceição,MEI,28,82,Portugal,wiki/missing_player.jpg
Porto 2004,José Bosingwa,LD,22,78,Brazil,wiki/missing_player.jpg
Porto 2004,Marco Ferreira,GOL,25,76,Portugal,wiki/missing_player.jpg
Porto 2004,Carlos Alberto,MEI,20,82,Brazil,wiki/missing_player.jpg
Porto 2004,Diego,MEI,18,80,Brazil,wiki/missing_player.jpg
Porto 2004,Edgaras Jankauskas,LD,29,73,Lithuania,wiki/missing_player.jpg
Liverpool 2005,Jerzy Dudek,GOL,31,81,Poland,wiki/missing_player.jpg
Liverpool 2005,Chris Kirkland,GOL,24,76,England,wiki/missing_player.jpg
Liverpool 2005,Sami Hyypiä,ZAG,31,84,Finland,wiki/missing_player.jpg
Liverpool 2005,Jamie Carragher,ZAG,27,86,England,wiki/missing_player.jpg
Liverpool 2005,Djimi Traoré,ZAG,24,75,Mali,wiki/missing_player.jpg
Liverpool 2005,John Arne Riise,ZAG,24,83,Norway,wiki/missing_player.jpg
Liverpool 2005,Steve Finnan,ZAG,29,82,Ireland,wiki/missing_player.jpg
Liverpool 2005,Mauricio Pellegrino,ZAG,33,74,Argentina,wiki/missing_player.jpg
Liverpool 2005,Igor Bišćan,MEI,26,76,Croatia,wiki/missing_player.jpg
Liverpool 2005,Steven Gerrard,VOL,24,91,England,wiki/missing_player.jpg
Liverpool 2005,Xabi Alonso,MC,22,86,Spain,wiki/missing_player.jpg
Liverpool 2005,Dietmar Hamann,MEI,31,83,Germany,wiki/missing_player.jpg
Liverpool 2005,Salif Diao,MEI,27,73,Senegal,wiki/missing_player.jpg
Liverpool 2005,Harry Kewell,ATA,26,84,Australia,wiki/missing_player.jpg
Liverpool 2005,Vladimir Smicer,ATA,31,80,Czech Republic,wiki/missing_player.jpg
Liverpool 2005,Luis García,ATA,26,82,Spain,wiki/missing_player.jpg
Liverpool 2005,Milan Baroš,ATA,23,85,Czech Republic,wiki/missing_player.jpg
Liverpool 2005,Florent Sinama-Pongolle,ATA,20,78,France,wiki/missing_player.jpg
Liverpool 2005,Michael Owen,ATA,25,89,England,wiki/missing_player.jpg
Liverpool 2005,Djibril Cissé,ATA,23,85,France,wiki/missing_player.jpg
Milan 2005,Dida,GOL,31,87,Brazil,header/5800-1447749019.jpg?lm=1
Milan 2005,Christian Abbiati,GOL,27,82,Italy,wiki/missing_player.jpg
Milan 2005,Valerio Fiori,GOL,33,75,Italy,header/5799-1418905975.jpg?lm=1
Milan 2005,Alessandro Costacurta,ZAG,39,81,Italy,header/s_10055_123_2012_1.jpg?lm=1
Milan 2005,Jaap Stam,ZAG,32,86,Netherlands,header/s_3557_123_2012_12_27_1.jpg?lm=1
Milan 2005,Cafu,LD,35,84,Brazil,header/5937-1590418733.jpg?lm=1
Milan 2005,Paolo Maldini,ZAG,36,90,Italy,header/5803-1570438594.jpg?lm=1
Milan 2005,Kakha Kaladze,LE,27,81,Georgia,header/s_3430_252_2011_2.jpg?lm=1
Milan 2005,Massimo Oddo,ZAG,29,85,Italy,wiki/missing_player.jpg
Milan 2005,Andrea Pirlo,MEI,26,88,Italy,header/5817-1454934952.jpg?lm=1
Milan 2005,Clarence Seedorf,MC,29,86,Netherlands,header/s_4168_537_2013_05_22_1.jpg?lm=1
Milan 2005,Gennaro Gattuso,VOL,27,85,Italy,header/5813-1455612470.jpg?lm=1
Milan 2005,Massimo Ambrosini,MEI,28,83,Italy,header/s_5818_430_2013_08_14_1.jpg?lm=1
Milan 2005,Serginho,VOL,34,79,Brazil,header/5819-1606828318.jpg?lm=1
Milan 2005,Rui Costa,MEI,32,84,Portugal,header/3624-1603456715.jpg?lm=1
Milan 2005,Kaká,MEI,22,92,Brazil,header/3366-1683638749.jpg?lm=1
Milan 2005,Andrea Raggi,MEI,19,76,Italy,wiki/missing_player.jpg
Milan 2005,Hernán Crespo,ATA,29,87,Argentina,wiki/missing_player.jpg
Milan 2005,Jon Dahl Tomasson,ATA,28,82,Denmark,wiki/missing_player.jpg
Milan 2005,Andriy Shevchenko,ATA,28,91,Ukraine,header/3522-1570438190.jpg?lm=1
Milan 2005,Filippo Inzaghi,ATA,31,86,Italy,header/5821-1590494397.jpg?lm=1
Lyon 2006,Grégory Coupet,GOL,32,86,France,wiki/missing_player.jpg
Lyon 2006,Rémy Vercoutre,GOL,25,79,France,wiki/missing_player.jpg
Lyon 2006,François Clerc,LD,23,78,France,wiki/missing_player.jpg
Lyon 2006,Anthony Réveillère,LD,26,81,France,wiki/missing_player.jpg
Lyon 2006,Claudio Caçapa,ZAG,29,82,Brazil,wiki/missing_player.jpg
Lyon 2006,Cris,ZAG,28,83,Brazil,wiki/missing_player.jpg
Lyon 2006,Sylvain Monsoreau,ZAG,25,79,France,wiki/missing_player.jpg
Lyon 2006,Clément,ZAG,25,78,France,wiki/missing_player.jpg
Lyon 2006,Jérémy Clément,VOL,21,79,France,wiki/missing_player.jpg
Lyon 2006,Florent Malouda,MEI,25,84,France,wiki/missing_player.jpg
Lyon 2006,Tiago,VOL,24,83,Portugal,wiki/missing_player.jpg
Lyon 2006,Juninho,VOL,30,88,Brazil,wiki/missing_player.jpg
Lyon 2006,Benoît Pedretti,VOL,25,80,France,wiki/missing_player.jpg
Lyon 2006,Alou Diarra,VOL,24,81,France,wiki/missing_player.jpg
Lyon 2006,Sylvain Wiltord,ATA,31,82,France,wiki/missing_player.jpg
Lyon 2006,Karim Benzema,ATA,18,82,France,wiki/missing_player.jpg
Lyon 2006,Sidney Govou,ATA,26,82,France,wiki/missing_player.jpg
Lyon 2006,Hatem Ben Arfa,ATA,19,80,France,wiki/missing_player.jpg
Lyon 2006,John Carew,ATA,26,85,Norway,wiki/missing_player.jpg
Lyon 2006,Eric Abidal,LE,26,83,France,wiki/missing_player.jpg
Lyon 2006,Jérémy Berthod,LE,21,75,France,wiki/missing_player.jpg
Barcelona 2006,Víctor Valdés,GOL,24,84,Spain,header/s_7589_131_2012_2.jpg?lm=1
Barcelona 2006,Albert Jorquera,GOL,26,78,Spain,wiki/missing_player.jpg
Barcelona 2006,Sylvinho,LE,31,80,Brazil,header/3359-1605262565.jpg?lm=1
Barcelona 2006,Rafael Márquez,ZAG,27,86,Mexico,header/2904-1449060939.jpg?lm=1
Barcelona 2006,Carles Puyol,ZAG,28,91,Spain,header/7594-1684225860.jpeg?lm=1
Barcelona 2006,Giovanni van Bronckhorst,ZAG,31,81,Netherlands,header/3191-1490106460.jpg?lm=1
Barcelona 2006,Oleguer Presas,ZAG,26,80,Spain,wiki/missing_player.jpg
Barcelona 2006,Belletti,LD,30,82,Spain,wiki/missing_player.jpg
Barcelona 2006,Andrés Iniesta,MEI,22,88,Spain,header/7600-1685447666.jpg?lm=1
Barcelona 2006,Xavi Hernández,VOL,26,89,Spain,header/7607-1476882942.jpg?lm=1
Barcelona 2006,Deco,MC,28,89,Portugal,header/8564-1595427079.jpg?lm=1
Barcelona 2006,Mark van Bommel,VOL,29,84,Netherlands,wiki/missing_player.jpg
Barcelona 2006,Thiago Motta,VOL,23,83,Italy,header/7602-1455621338.jpg?lm=1
Barcelona 2006,Ludovic Giuly,ATA,29,85,France,header/5299-1476891209.jpg?lm=1
Barcelona 2006,Henrik Larsson,ATA,34,86,Sweden,header/3514-1562138802.jpg?lm=1
Barcelona 2006,Eidur Gudjohnsen,ATA,27,84,Iceland,wiki/missing_player.jpg
Barcelona 2006,Ronaldinho,MEI,26,92,Brazil,header/3373-1515762355.jpg?lm=1
Barcelona 2006,Samuel Eto'o,ATA,25,90,Cameroon,header/4257-1683640611.jpg?lm=1
Barcelona 2006,Santiago Ezquerro,ATA,29,77,Spain,wiki/missing_player.jpg
Roma 2006,Doni,GOL,26,82,Brazil,wiki/missing_player.jpg
Roma 2006,Gianluca Curci,GOL,21,77,Italy,wiki/missing_player.jpg
Roma 2006,Christian Panucci,ZAG,32,84,Italy,wiki/missing_player.jpg
Roma 2006,Philippe Mexès,ZAG,24,82,France,wiki/missing_player.jpg
Roma 2006,Christian Chivu,ZAG,25,82,Romania,wiki/missing_player.jpg
Roma 2006,Rodrigo Taddei,MEI,26,83,Brazil,wiki/missing_player.jpg
Roma 2006,Francesco Totti,ATA,29,90,Italy,wiki/missing_player.jpg
Roma 2006,Simone Perrotta,MEI,28,84,Italy,wiki/missing_player.jpg
Roma 2006,Dodo,MEI,22,79,Brazil,wiki/missing_player.jpg
Roma 2006,Simone Loria,ZAG,29,80,Italy,wiki/missing_player.jpg
Roma 2006,Alberto Aquilani,MEI,21,81,Italy,wiki/missing_player.jpg
Roma 2006,Alessandro Cesarini,ZAG,20,76,Italy,wiki/missing_player.jpg
Roma 2006,Antonio Cassano,ATA,23,84,Italy,wiki/missing_player.jpg
Roma 2006,Daniele De Rossi,MEI,22,86,Italy,wiki/missing_player.jpg
Roma 2006,Olivier Dacourt,MEI,31,82,France,wiki/missing_player.jpg
Roma 2006,Cesare Bovo,ZAG,23,79,Italy,wiki/missing_player.jpg
Roma 2006,Alberto De Rossi,MEI,40,73,Italy,wiki/missing_player.jpg
Roma 2006,Max Tonetto,ZAG,31,78,Italy,wiki/missing_player.jpg
Roma 2006,Matteo Brighi,MEI,24,79,Italy,wiki/missing_player.jpg
Roma 2006,Vincenzo Montella,ATA,31,84,Italy,wiki/missing_player.jpg
Roma 2006,Rodrigo Defendi,ZAG,20,74,Brazil,wiki/missing_player.jpg
Roma 2006,Alex D'Agostino,ATA,22,77,Italy,wiki/missing_player.jpg
Roma 2006,Mirko Vučinić,ATA,22,81,Montenegro,wiki/missing_player.jpg
Roma 2006,Antonio Siviero,ATA,29,76,Italy,wiki/missing_player.jpg
Chelsea 2008,Petr Čech,GOL,25,90,Czech Republic,header/5658-1464946835.jpg?lm=1
Chelsea 2008,Henrique Hilário,GOL,32,70,Portugal,header/s_13886_631_2009_1.jpg?lm=1
Chelsea 2008,Carlo Cudicini,GOL,34,75,Italy,header/s_3151_148_2009_1.jpg?lm=1
Chelsea 2008,Juliano Belletti,LD,31,83,Brazil,header/7829-1589802688.jpg?lm=1
Chelsea 2008,Tal Ben Haim,LD,25,78,Israel,header/s_20714_1039_2013_01_04_1.jpg?lm=1
Chelsea 2008,Alex,ZAG,25,85,Brazil,header/15420-1455536547.jpg?lm=1
Chelsea 2008,Wayne Bridge,LE,27,80,England,header/3682-1478785065.jpg?lm=1
Chelsea 2008,Ashley Cole,LE,26,88,England,header/3182-1683297696.jpg?lm=1
Chelsea 2008,Ricardo Carvalho,ZAG,29,82,Portugal,header/9828-1464946916.jpg?lm=1
Chelsea 2008,John Terry,ZAG,26,91,England,header/3160-1462887884.jpg?lm=1
Chelsea 2008,Michael Essien,VOL,24,83,Ghana,header/5588-1567972232.png?lm=1
Chelsea 2008,Steve Sidwell,VOL,24,78,England,header/13427-1496840217.jpg?lm=1
Chelsea 2008,Claude Makélélé,MC,34,87,France,header/4182-1542019034.jpg?lm=1
Chelsea 2008,Jon Obi Mikel,MC,20,80,Nigeria,header/30739-1483700848.jpg?lm=1
Chelsea 2008,Frank Lampard,VOL,29,92,England,header/3163-1674475335.jpg?lm=1
Chelsea 2008,Florent Malouda,VOL,27,85,France,header/5461-1555058568.jpg?lm=1
Chelsea 2008,Joe Cole,MC,25,87,England,header/3876-1524234241.jpg?lm=1
Chelsea 2008,Shaun Wright-Phillips,MEI,25,82,England,header/3467-1464131724.jpg?lm=1
Chelsea 2008,Michael Ballack,MEI,30,87,Germany,header/63-1461310873.jpg?lm=1
Chelsea 2008,Didier Drogba,ATA,29,91,Ivory Coast,header/3924-1683633427.jpg?lm=1
Chelsea 2008,Andriy Shevchenko,ATA,31,86,Ukraine,header/3522-1570438190.jpg?lm=1
Chelsea 2008,Salomon Kalou,ATA,21,82,Ivory Coast,header/7971-1532355109.jpg?lm=1
Chelsea 2008,Claudio Pizarro,ATA,28,80,Peru,header/532-1535124277.jpg?lm=1
Chelsea 2008,Nicolas Anelka,ATA,28,83,France,header/3226-1683728957.jpg?lm=1
Chelsea 2008,Scott Sinclair,MEI,18,73,England,header/s_31552_281_2012_1.jpg?lm=1
Inter 2009,Júlio César,GOL,30,88,Brazil,header/22412-1474546042.jpg?lm=1
Inter 2009,Francesco Toldo,GOL,37,80,Italy,header/5769-1472641469.jpg?lm=1
Inter 2009,Paolo Orlandoni,GOL,37,75,Italy,wiki/missing_player.jpg
Inter 2009,Maicon,LD,28,87,Brazil,header/18301-1505484617.jpg?lm=1
Inter 2009,Iván Córdoba,ZAG,33,82,Colombia,wiki/missing_player.jpg
Inter 2009,Walter Samuel,ZAG,31,85,Argentina,header/5938-1449586343.jpg?lm=1
Inter 2009,Lúcio,ZAG,31,87,Brazil,header/77-1458201664.jpg?lm=1
Inter 2009,Cristian Chivu,ZAG,29,80,Romania,header/4314-1588661612.jpg?lm=1
Inter 2009,Marco Materazzi,ZAG,36,81,Italy,header/5778-1415894129.jpg?lm=1
Inter 2009,Nelson Rivas,ZAG,26,76,Colombia,wiki/missing_player.jpg
Inter 2009,Javier Zanetti,LE,36,85,Argentina,header/1161-1463994546.jpg?lm=1
Inter 2009,Dejan Stanković,MC,31,84,Serbia,header/3428-1461242093.jpg?lm=1
Inter 2009,Sulley Muntari,MC,25,83,Ghana,header/17129-1416397933.jpg?lm=1
Inter 2009,Luís Figo,MEI,37,83,Portugal,header/3446-1570440028.jpg?lm=1
Inter 2009,Esteban Cambiasso,VOL,29,87,Argentina,header/7520-1462280899.jpg?lm=1
Inter 2009,Patrick Vieira,VOL,33,82,France,header/3183-1458213441.jpg?lm=1
Inter 2009,Wesley Sneijder,MC,25,89,Netherlands,header/4673-1684166804.jpg?lm=1
Inter 2009,Mancini,ME,29,80,Brazil,header/15291-1565176905.jpg?lm=1
Inter 2009,MacDonald Mariga,MEI,22,73,Kenya,wiki/missing_player.jpg
Inter 2009,Mario Balotelli,ATA,19,84,Italy,header/45146-1663830086.jpg?lm=1
Inter 2009,Samuel Eto'o,ATA,28,89,Cameroon,header/4257-1683640611.jpg?lm=1
Inter 2009,Diego Milito,ATA,30,87,Argentina,header/22202-1463994498.jpg?lm=1
Inter 2009,David Suazo,ATA,30,81,Honduras,header/20749-1623841091.jpg?lm=1
Inter 2009,Goran Pandev,ATA,26,83,North Macedonia,header/12563-1630583396.jpg?lm=1
Man Utd 2009,Edwin van der Sar,GOL,38,86,Netherlands,header/s_3516_985_2009_1.jpg?lm=1
Man Utd 2009,Ben Foster,GOL,26,79,England,header/13572-1681399137.jpg?lm=1
Man Utd 2009,Tomasz Kuszczak,GOL,27,74,Poland,header/1320-1494419881.jpg?lm=1
Man Utd 2009,Wes Brown,ZAG,29,80,England,header/s_3405_985_2009_1.jpg?lm=1
Man Utd 2009,Rio Ferdinand,ZAG,30,88,England,header/3235-1592469934.jpg?lm=1
Man Utd 2009,Patrice Evra,LE,28,85,France,header/5285-1416219199.jpg?lm=1
Man Utd 2009,Nemanja Vidić,ZAG,27,86,Serbia,header/19726-1410340601.jpg?lm=1
Man Utd 2009,John O'Shea,LD,27,80,Ireland,header/3540-1498839759.jpg?lm=1
Man Utd 2009,Gary Neville,LD,34,82,England,header/s_3403_985_2009_1.jpg?lm=1
Man Utd 2009,Rafael,LD,18,76,Brazil,header/61892-1563889964.jpg?lm=1
Man Utd 2009,Ryan Giggs,MEI,35,87,Wales,header/3406-1589198838.jpg?lm=1
Man Utd 2009,Owen Hargreaves,MEI,27,79,England,header/201-1592225585.jpg?lm=1
Man Utd 2009,Anderson,VOL,21,81,Brazil,header/31645-1447748712.jpg?lm=1
Man Utd 2009,Ji-Sung Park,MC,28,82,South Korea,header/s_4592_985_2009_1.jpg?lm=1
Man Utd 2009,Michael Carrick,VOL,27,85,England,header/3878-1666625002.jpg?lm=1
Man Utd 2009,Nani,PE,22,84,Portugal,header/33706-1689593759.jpg?lm=1
Man Utd 2009,Cristiano Ronaldo,PE,24,94,Portugal,header/8198-1685035469.png?lm=1
Man Utd 2009,Wayne Rooney,ATA,23,89,England,header/3332-1551295290.jpg?lm=1
Man Utd 2009,Carlos Tevez,ATA,25,88,Argentina,header/4276-1463994638.jpg?lm=1
Man Utd 2009,Dimitar Berbatov,ATA,28,83,Bulgaria,header/65-1683670068.jpg?lm=1
Man Utd 2009,Danny Welbeck,ATA,18,78,England,header/67063-1528450601.jpg?lm=1
Man Utd 2009,Federico Macheda,ATA,17,75,Italy,header/61887-1669117174.png?lm=1
Man Utd 2009,Louis Saha,ATA,30,82,France,wiki/missing_player.jpg
Barcelona 2011,Victor Valdés,GOL,29,86,Spain,wiki/missing_player.jpg
Barcelona 2011,José Manuel Pinto,GOL,35,75,Spain,wiki/missing_player.jpg
Barcelona 2011,Dani Alves,LD,27,87,Brazil,wiki/missing_player.jpg
Barcelona 2011,Gerard Piqué,ZAG,24,88,Spain,wiki/missing_player.jpg
Barcelona 2011,Carles Puyol,ZAG,33,87,Spain,wiki/missing_player.jpg
Barcelona 2011,Eric Abidal,ZAG,31,82,France,wiki/missing_player.jpg
Barcelona 2011,Maxwell,LE,29,80,Brazil,wiki/missing_player.jpg
Barcelona 2011,Adriano,LE,26,80,Brazil,wiki/missing_player.jpg
Barcelona 2011,Sergio Busquets,VOL,23,86,Spain,wiki/missing_player.jpg
Barcelona 2011,Xavi,MEI,31,90,Spain,wiki/missing_player.jpg
Barcelona 2011,Andrés Iniesta,MEI,27,89,Spain,wiki/missing_player.jpg
Barcelona 2011,Javier Mascherano,VOL,27,85,Argentina,wiki/missing_player.jpg
Barcelona 2011,Seydou Keita,VOL,31,83,Mali,wiki/missing_player.jpg
Barcelona 2011,Ibrahim Afellay,ATA,25,82,Netherlands,wiki/missing_player.jpg
Barcelona 2011,David Villa,ATA,29,89,Spain,wiki/missing_player.jpg
Barcelona 2011,Lionel Messi,MEI,23,95,Argentina,wiki/missing_player.jpg
Barcelona 2011,Bojan Krkić,ATA,20,81,Spain,wiki/missing_player.jpg
Barcelona 2011,Pedro,ATA,23,85,Spain,wiki/missing_player.jpg
Barcelona 2011,Jeffren Suárez,ATA,23,79,Spain,wiki/missing_player.jpg
Barcelona 2011,Jonathan dos Santos,MEI,21,77,Mexico,wiki/missing_player.jpg
Dortmund 2013,Roman Weidenfeller,GOL,32,85,Germany,header/26-1684847880.jpg?lm=1
Dortmund 2013,Mitchell Langerak,GOL,24,79,Australia,header/49347-1501147341.jpg?lm=1
Dortmund 2013,Zlatan Alomerović,GOL,22,75,Serbia,header/47594-1580389241.png?lm=1
Dortmund 2013,Neven Subotić,ZAG,23,85,Serbia,header/40995-1544075864.jpg?lm=1
Dortmund 2013,Mats Hummels,ZAG,23,87,Germany,header/39728-1661413275.jpg?lm=1
Dortmund 2013,Marcel Schmelzer,LE,24,83,Germany,header/35208-1684845120.jpg?lm=1
Dortmund 2013,Lukasz Piszczek,ZAG,27,85,Poland,header/25727-1534236284.jpg?lm=1
Dortmund 2013,Felipe Santana,ZAG,26,80,Brazil,header/54312-1482228665.jpg?lm=1
Dortmund 2013,Chris Löwe,ZAG,23,76,Germany,header/55125-1672747507.png?lm=1
Dortmund 2013,Erik Durm,ZAG,20,78,Germany,wiki/missing_player.jpg
Dortmund 2013,Kevin Großkreutz,LD,24,82,Germany,header/44521-1500628267.jpg?lm=1
Dortmund 2013,Sven Bender,VOL,23,84,Germany,header/29993-1615893279.jpg?lm=1
Dortmund 2013,Jakub Błaszczykowski,MEI,27,83,Poland,header/29835-1670965927.png?lm=1
Dortmund 2013,İlkay Gündoğan,MEI,22,85,Germany,header/53622-1689683568.jpg?lm=1
Dortmund 2013,Moritz Leitner,MEI,20,78,Germany,header/82243-1647955890.jpg?lm=1
Dortmund 2013,Kuba,MEI,27,83,Poland,wiki/missing_player.jpg
Dortmund 2013,Shinji Kagawa,MEI,23,83,Japan,wiki/missing_player.jpg
Dortmund 2013,Ivan Perišić,MEI,24,83,Croatia,header/42460-1667991317.jpg?lm=1
Dortmund 2013,Nuri Şahin,VOL,24,80,Turkey,wiki/missing_player.jpg
Dortmund 2013,Sebastian Kehl,MEI,32,81,Germany,header/410-1521112298.jpg?lm=1
Dortmund 2013,Marco Reus,ME,23,86,Germany,header/35207-1661413169.jpg?lm=1
Dortmund 2013,Robert Lewandowski,ATA,24,88,Poland,header/38253-1642434304.jpg?lm=1
Dortmund 2013,Julian Schieber,ATA,24,76,Germany,header/58124-1534233321.jpg?lm=1
Bayern 2013,Manuel Neuer,GOL,26,88,Germany,wiki/missing_player.jpg
Bayern 2013,Thomas Starke,GOL,31,80,Germany,wiki/missing_player.jpg
Bayern 2013,Maximilian Riedmüller,GOL,24,75,Germany,wiki/missing_player.jpg
Bayern 2013,Daniel van Buyten,ZAG,34,81,Belgium,wiki/missing_player.jpg
Bayern 2013,Rafinha,ZAG,27,82,Brazil,wiki/missing_player.jpg
Bayern 2013,Jerome Boateng,ZAG,23,85,Germany,wiki/missing_player.jpg
Bayern 2013,Philipp Lahm,ZAG,28,88,Germany,wiki/missing_player.jpg
Bayern 2013,Holger Badstuber,ZAG,23,86,Germany,wiki/missing_player.jpg
Bayern 2013,Diego Contento,ZAG,22,79,Germany,wiki/missing_player.jpg
Bayern 2013,David Alaba,ZAG,20,83,Austria,wiki/missing_player.jpg
Bayern 2013,Javi Martínez,MEI,24,87,Spain,wiki/missing_player.jpg
Bayern 2013,Franck Ribéry,MEI,29,88,France,wiki/missing_player.jpg
Bayern 2013,Bastian Schweinsteiger,MEI,28,89,Germany,wiki/missing_player.jpg
Bayern 2013,Anatoliy Tymoshchuk,MEI,33,82,Ukraine,wiki/missing_player.jpg
Bayern 2013,Arjen Robben,MEI,28,89,Netherlands,wiki/missing_player.jpg
Bayern 2013,Toni Kroos,MEI,22,85,Germany,wiki/missing_player.jpg
Bayern 2013,Xherdan Shaqiri,MEI,20,83,Switzerland,wiki/missing_player.jpg
Bayern 2013,Thomas Müller,ATA,23,87,Germany,wiki/missing_player.jpg
Bayern 2013,Mario Mandžukić,ATA,26,85,Croatia,wiki/missing_player.jpg
Bayern 2013,Claudio Pizarro,ATA,34,81,Peru,wiki/missing_player.jpg
Bayern 2013,Mario Gomez,ATA,27,87,Germany,wiki/missing_player.jpg
Bayern 2013,Luiz Gustavo,MEI,25,84,Brazil,wiki/missing_player.jpg
Bayern 2013,Emre Can,MEI,18,76,Germany,wiki/missing_player.jpg
Bayern 2013,Holger Badstuber,ZAG,23,86,Germany,wiki/missing_player.jpg
Peñarol 1961,Ladislao Mazurkiewicz,GOL,22,75,Uruguay,wiki/missing_player.jpg
Peñarol 1961,William Martínez,LD,22,73,Uruguay,wiki/missing_player.jpg
Peñarol 1961,Horacio Troche,ZAG,23,75,Uruguay,wiki/missing_player.jpg
Peñarol 1961,William Martínez,LE,24,72,Uruguay,wiki/missing_player.jpg
Peñarol 1961,Abel Borges,ZAG,22,73,Uruguay,wiki/missing_player.jpg
Peñarol 1961,Julio César Abbadie,VOL,26,72,Uruguay,wiki/missing_player.jpg
Peñarol 1961,Dagoberto Fontes,VOL,23,73,Uruguay,wiki/missing_player.jpg
Peñarol 1961,Edgardo González,VOL,28,75,Uruguay,wiki/missing_player.jpg
Peñarol 1961,William Martínez,VOL,22,73,Uruguay,wiki/missing_player.jpg
Peñarol 1961,Alberto Spencer,ATA,24,87,Ecuador,wiki/missing_player.jpg
Peñarol 1961,Luis Cubilla,ATA,22,84,Uruguay,wiki/missing_player.jpg
Peñarol 1961,Matías González,GOL,19,70,Uruguay,wiki/missing_player.jpg
Peñarol 1961,William Martínez,LD,22,73,Uruguay,wiki/missing_player.jpg
Peñarol 1961,Horacio Troche,ZAG,23,75,Uruguay,wiki/missing_player.jpg
Peñarol 1961,Edgardo González,MEI,28,75,Uruguay,wiki/missing_player.jpg
Peñarol 1961,Alcides Silveira,ZAG,27,75,Uruguay,wiki/missing_player.jpg
Peñarol 1961,Abel Borges,MEI,22,73,Uruguay,wiki/missing_player.jpg
Peñarol 1961,Martín Echegoyen,ATA,23,73,Uruguay,wiki/missing_player.jpg
Peñarol 1961,Walter Aguerre,ZAG,20,70,Uruguay,wiki/missing_player.jpg
Peñarol 1961,Roberto Matosas,ATA,23,72,Uruguay,wiki/missing_player.jpg
Peñarol 1961,Mario Bergara,MEI,22,72,Uruguay,wiki/missing_player.jpg
Peñarol 1961,Mauricio Pérez,ATA,25,75,Uruguay,wiki/missing_player.jpg
Peñarol 1961,Hugo Bagnulo,ATA,23,72,Uruguay,wiki/missing_player.jpg
Estudiantes 1968,Poletti,GOL,28,75,Argentina,wiki/missing_player.jpg
Estudiantes 1968,Madero,GOL,21,73,Argentina,wiki/missing_player.jpg
Estudiantes 1968,Maril,ZAG,30,74,Argentina,wiki/missing_player.jpg
Estudiantes 1968,Madero,GOL,21,73,Argentina,wiki/missing_player.jpg
Estudiantes 1968,Pachamé,ZAG,27,72,Argentina,wiki/missing_player.jpg
Estudiantes 1968,Peña,ZAG,24,75,Argentina,wiki/missing_player.jpg
Estudiantes 1968,Calics,ZAG,22,74,Argentina,wiki/missing_player.jpg
Estudiantes 1968,Manera,ATA,26,75,Argentina,wiki/missing_player.jpg
Estudiantes 1968,Peña,ZAG,24,75,Argentina,wiki/missing_player.jpg
Estudiantes 1968,Desiderio,ATA,22,73,Argentina,wiki/missing_player.jpg
Estudiantes 1968,Verón,ATA,22,73,Argentina,wiki/missing_player.jpg
Estudiantes 1968,Costa,ZAG,21,72,Argentina,wiki/missing_player.jpg
Estudiantes 1968,Togneri,ATA,20,73,Argentina,wiki/missing_player.jpg
Estudiantes 1968,Pachamé,ZAG,27,72,Argentina,wiki/missing_player.jpg
Estudiantes 1968,Medina,ATA,24,75,Argentina,wiki/missing_player.jpg
Estudiantes 1968,Peña,ZAG,24,75,Argentina,wiki/missing_player.jpg
Estudiantes 1968,Togneri,ATA,20,73,Argentina,wiki/missing_player.jpg
Independiente 1974,Ricardo Pavoni,ZAG,26,82,Argentina,wiki/missing_player.jpg
Independiente 1974,Eduardo Commisso,LD,30,76,Argentina,wiki/missing_player.jpg
Independiente 1974,Alberto Sánchez,ZAG,22,77,Argentina,wiki/missing_player.jpg
Independiente 1974,Luis Garisto,ZAG,29,76,Uruguay,wiki/missing_player.jpg
Independiente 1974,Carlos Rodríguez,LE,24,74,Argentina,wiki/missing_player.jpg
Independiente 1974,Ricardo Bochini,MEI,20,80,Argentina,wiki/missing_player.jpg
Independiente 1974,Carlos Santoro,GOL,32,80,Argentina,wiki/missing_player.jpg
Independiente 1974,Daniel Bertoni,ATA,19,77,Argentina,wiki/missing_player.jpg
Independiente 1974,Miguel Ángel López,ATA,29,76,Argentina,wiki/missing_player.jpg
Independiente 1974,Juan Carlos De La Quintana,VOL,22,75,Argentina,wiki/missing_player.jpg
Independiente 1974,Agustín Balbuena,VOL,22,76,Paraguay,wiki/missing_player.jpg
Independiente 1974,Alberto Carranza,ATA,23,74,Peru,wiki/missing_player.jpg
Independiente 1974,Alejo Veiga,VOL,21,75,Argentina,wiki/missing_player.jpg
Independiente 1974,Horacio López,ATA,21,74,Argentina,wiki/missing_player.jpg
Independiente 1974,José Omar Pastoriza,VOL,27,76,Argentina,wiki/missing_player.jpg
Independiente 1974,Luis Alberto Islas,GOL,18,75,Argentina,wiki/missing_player.jpg
Independiente 1974,Daniel Bertoni,ATA,19,78,Argentina,wiki/missing_player.jpg
Independiente 1974,Carlos Enrique,ATA,20,76,Argentina,wiki/missing_player.jpg
Independiente 1974,Luis Garisto,ZAG,29,76,Uruguay,wiki/missing_player.jpg
Independiente 1974,Carlos Santoro,GOL,32,80,Argentina,wiki/missing_player.jpg
Independiente 1974,Ricardo Pavoni,ZAG,26,82,Argentina,wiki/missing_player.jpg
Independiente 1974,Miguel Ángel López,ATA,29,76,Argentina,wiki/missing_player.jpg
Independiente 1974,Raúl Savoy,ATA,21,74,Argentina,wiki/missing_player.jpg
Independiente 1974,Eduardo Maglioni,VOL,25,73,Argentina,wiki/missing_player.jpg
Independiente 1974,Juan Carlos Pavoni,GOL,20,74,Argentina,wiki/missing_player.jpg
Independiente 1974,Carlos Enrique,ATA,20,76,Argentina,wiki/missing_player.jpg
Independiente 1974,Luis Ceballos,ZAG,19,74,Argentina,wiki/missing_player.jpg
Independiente 1974,Claudio Marangoni,MEI,18,73,Argentina,wiki/missing_player.jpg
Independiente 1974,Daniel Montenegro,ATA,19,75,Argentina,wiki/missing_player.jpg
Independiente 1974,Alejandro Giuntini,MEI,19,73,Argentina,wiki/missing_player.jpg
Nacional 1980,Bairoletto,GOL,26,75,Uruguay,wiki/missing_player.jpg
Nacional 1980,Olariaga,GOL,23,73,Uruguay,wiki/missing_player.jpg
Nacional 1980,Sbrascini,ZAG,25,75,Uruguay,wiki/missing_player.jpg
Nacional 1980,Rubén Paz,VOL,26,77,Uruguay,wiki/missing_player.jpg
Nacional 1980,Casaretto,MEI,27,75,Uruguay,wiki/missing_player.jpg
Nacional 1980,Cabrera,MEI,22,74,Uruguay,wiki/missing_player.jpg
Nacional 1980,Gutiérrez,ATA,27,76,Uruguay,wiki/missing_player.jpg
Nacional 1980,Eduardo De La Peña,ATA,22,76,Uruguay,wiki/missing_player.jpg
Nacional 1980,Moreira,ATA,20,75,Uruguay,wiki/missing_player.jpg
Nacional 1980,Santín,ZAG,29,77,Uruguay,wiki/missing_player.jpg
Nacional 1980,De Los Santos,ZAG,29,75,Uruguay,wiki/missing_player.jpg
Nacional 1980,Francescoli,ATA,18,74,Uruguay,wiki/missing_player.jpg
Nacional 1980,Moreira,ATA,20,75,Uruguay,wiki/missing_player.jpg
Nacional 1980,Olariaga,GOL,23,73,Uruguay,wiki/missing_player.jpg
Nacional 1980,Sbrascini,ZAG,25,75,Uruguay,wiki/missing_player.jpg
Vélez Sarsfield 1994,Chilavert,GOL,28,85,Paraguay,wiki/missing_player.jpg
Vélez Sarsfield 1994,Ponce,ZAG,30,79,Argentina,wiki/missing_player.jpg
Vélez Sarsfield 1994,Claudio Husain,VOL,26,80,Argentina,wiki/missing_player.jpg
Vélez Sarsfield 1994,Trotta,ZAG,25,78,Argentina,wiki/missing_player.jpg
Vélez Sarsfield 1994,Rodrigo López,ATA,22,77,Uruguay,wiki/missing_player.jpg
Vélez Sarsfield 1994,Saturno,VOL,28,77,Argentina,wiki/missing_player.jpg
Vélez Sarsfield 1994,Sarría,MEI,25,75,Argentina,wiki/missing_player.jpg
Vélez Sarsfield 1994,Astillero,VOL,26,75,Argentina,wiki/missing_player.jpg
Vélez Sarsfield 1994,Glass,ZAG,29,75,Argentina,wiki/missing_player.jpg
Vélez Sarsfield 1994,Zandoná,ATA,20,75,Argentina,wiki/missing_player.jpg
Vélez Sarsfield 1994,Fernando Pandolfi,ATA,21,74,Argentina,wiki/missing_player.jpg
Vélez Sarsfield 1994,Balbo,ATA,21,73,Argentina,wiki/missing_player.jpg
Vélez Sarsfield 1994,Francescoli,ATA,33,86,Uruguay,wiki/missing_player.jpg
Vélez Sarsfield 1994,Fabian Carrizo,ATA,22,75,Argentina,wiki/missing_player.jpg
Vélez Sarsfield 1994,Palacios,LE,20,75,Argentina,wiki/missing_player.jpg
Vélez Sarsfield 1994,Acuña,ZAG,28,75,Argentina,wiki/missing_player.jpg
Vélez Sarsfield 1994,Caniggia,ATA,27,81,Argentina,wiki/missing_player.jpg
River Plate 1996,Germán Burgos,GOL,27,79,Argentina,wiki/missing_player.jpg
River Plate 1996,Hernán Díaz,LD,30,83,Argentina,wiki/missing_player.jpg
River Plate 1996,Diego Sorín,LE,20,78,Argentina,wiki/missing_player.jpg
River Plate 1996,Celso Ayala,ZAG,25,81,Paraguay,wiki/missing_player.jpg
River Plate 1996,Ramón Medina Bello,ZAG,29,80,Argentina,wiki/missing_player.jpg
River Plate 1996,Leonardo Astrada,VOL,26,83,Argentina,wiki/missing_player.jpg
River Plate 1996,Marcelo Escudero,MEI,25,80,Argentina,wiki/missing_player.jpg
River Plate 1996,Matías Almeyda,VOL,23,83,Argentina,wiki/missing_player.jpg
River Plate 1996,Enzo Francescoli,MEI,34,88,Uruguay,wiki/missing_player.jpg
River Plate 1996,Marcelo Salas,ATA,21,84,Chile,wiki/missing_player.jpg
River Plate 1996,Juan Pablo Sorín,ATA,20,80,Argentina,wiki/missing_player.jpg
River Plate 1996,José María Buljubasich,GOL,23,75,Argentina,wiki/missing_player.jpg
River Plate 1996,Hugo Morales,ATA,21,78,Argentina,wiki/missing_player.jpg
River Plate 1996,Nelson Cuevas,ATA,17,76,Paraguay,wiki/missing_player.jpg
River Plate 1996,Roberto Trotta,ZAG,29,79,Argentina,wiki/missing_player.jpg
River Plate 1996,Hernán Díaz,LD,30,83,Argentina,wiki/missing_player.jpg
River Plate 1996,Diego Cocca,VOL,24,77,Argentina,wiki/missing_player.jpg
River Plate 1996,Marcelo Gallardo,MEI,20,83,Argentina,wiki/missing_player.jpg
River Plate 1996,Pablo Sorín,ATA,20,80,Argentina,wiki/missing_player.jpg
River Plate 1996,Gabriel Cedrés,MEI,25,76,Uruguay,wiki/missing_player.jpg
River Plate 1996,Marcelo Delgado,ATA,20,80,Argentina,wiki/missing_player.jpg
River Plate 1996,Javier Sodero,GOL,22,75,Argentina,wiki/missing_player.jpg
Boca Juniors 2003,Roberto Abbondanzieri,GOL,30,84,Argentina,header/s_19937_123_2013_10_10_1.jpg?lm=1
Boca Juniors 2003,Hugo Ibarra,LD,25,82,Argentina,header/6985-1413445939.jpg?lm=1
Boca Juniors 2003,Clemente Rodríguez,LE,22,83,Argentina,wiki/missing_player.jpg
Boca Juniors 2003,Rolando Schiavi,ZAG,30,85,Argentina,header/s_20002_189_2012_1.jpg?lm=1
Boca Juniors 2003,Nicolás Burdisso,ZAG,22,84,Argentina,header/3417-1448531346.jpg?lm=1
Boca Juniors 2003,Battaglia,MC,30,82,Argentina,wiki/missing_player.jpg
Boca Juniors 2003,Raúl Cascini,VOL,34,78,Argentina,wiki/missing_player.jpg
Boca Juniors 2003,Diego Cagna,MEI,32,77,Argentina,wiki/missing_player.jpg
Boca Juniors 2003,Carlos Tevez,ATA,19,87,Argentina,header/4276-1463994638.jpg?lm=1
Boca Juniors 2003,Guillermo Schelotto,ATA,30,84,Argentina,header/3414-1455289697.jpg?lm=1
Boca Juniors 2003,Willy Caballero,GOL,30,74,Argentina,header/53337-1471527111.png?lm=1
Boca Juniors 2003,Gustavo Pinto,MEI,30,73,Argentina,wiki/missing_player.jpg
Boca Juniors 2003,Matías Donnet,MEI,22,77,Argentina,wiki/missing_player.jpg
Boca Juniors 2003,Canjelico,ATA,30,73,Argentina,wiki/missing_player.jpg
Boca Juniors 2003,Javier Villareal,MEI,30,73,Argentina,wiki/missing_player.jpg
Boca Juniors 2003,Gustavo Pinto,MEI,30,73,Argentina,wiki/missing_player.jpg
Boca Juniors 2003,Raúl Estévez,ATA,30,74,Argentina,wiki/missing_player.jpg
Boca Juniors 2003,Pablo Jérez,ZAG,30,73,Argentina,wiki/missing_player.jpg
Boca Juniors 2003,Miguel Caneo,MEI,30,74,Argentina,wiki/missing_player.jpg
Boca Juniors 2003,Franco Cángele,ATA,30,73,Argentina,wiki/missing_player.jpg
Santos 1962,Gilmar,GOL,31,85,Brazil,header/236128-1528805211.jpg?lm=1
Santos 1962,Lima,LD,24,80,Brazil,wiki/missing_player.jpg
Santos 1962,Mauro,ZAG,28,80,Brazil,wiki/missing_player.jpg
Santos 1962,Calvet,ZAG,27,78,Brazil,wiki/missing_player.jpg
Santos 1962,Geraldino,LE,25,81,Brazil,wiki/missing_player.jpg
Santos 1962,Zito,VOL,29,85,Brazil,wiki/missing_player.jpg
Santos 1962,Mengálvio,MEI,22,85,Brazil,wiki/missing_player.jpg
Santos 1962,Dorval,MEI,28,84,Brazil,wiki/missing_player.jpg
Santos 1962,Coutinho,ATA,19,87,Brazil,header/268382-1552400910.jpg?lm=1
Santos 1962,Pelé,ATA,21,95,Brazil,header/17121-1672341199.jpg?lm=1
Santos 1962,Pepe,ATA,27,87,Brazil,wiki/missing_player.jpg
Santos 1962,Getúlio,VOL,23,75,Brazil,wiki/missing_player.jpg
Santos 1962,Laércio,LE,25,72,Brazil,wiki/missing_player.jpg
Santos 1962,Celso,MEI,20,72,Brazil,wiki/missing_player.jpg
Santos 1962,Ismael,ATA,21,75,Brazil,wiki/missing_player.jpg
Santos 1962,Peixinho,ATA,21,70,Brazil,wiki/missing_player.jpg
Santos 1962,Almir,MEI,25,77,Brazil,wiki/missing_player.jpg
Santos 1962,Alfeu,MEI,21,70,Brazil,wiki/missing_player.jpg
Botafogo 1962,Manga,GOL,25,78,Uruguay,wiki/missing_player.jpg
Botafogo 1962,Paulo Henrique,LD,29,73,Brazil,wiki/missing_player.jpg
Botafogo 1962,Paulistinha,ZAG,28,74,Brazil,wiki/missing_player.jpg
Botafogo 1962,Leônidas,ZAG,24,76,Brazil,wiki/missing_player.jpg
Botafogo 1962,Murilo,ZAG,25,75,Brazil,wiki/missing_player.jpg
Botafogo 1962,Ayrton,VOL,27,75,Brazil,wiki/missing_player.jpg
Botafogo 1962,Dino Sani,MEI,26,83,Brazil,wiki/missing_player.jpg
Botafogo 1962,Quarentinha,ATA,28,82,Brazil,wiki/missing_player.jpg
Botafogo 1962,Garrincha,ATA,29,95,Brazil,wiki/missing_player.jpg
Botafogo 1962,Amoroso,ATA,29,77,Brazil,wiki/missing_player.jpg
Botafogo 1962,Vinícius,ATA,28,76,Brazil,wiki/missing_player.jpg
Botafogo 1962,Roberto Dias,LE,26,74,Brazil,wiki/missing_player.jpg
Botafogo 1962,Rildo,MEI,24,74,Brazil,wiki/missing_player.jpg
Botafogo 1962,Léo,VOL,19,70,Brazil,wiki/missing_player.jpg
Botafogo 1962,Nei Conceição,ATA,15,70,Brazil,wiki/missing_player.jpg
Botafogo 1962,Zequinha,ATA,22,77,Brazil,wiki/missing_player.jpg
Botafogo 1962,Germano,ATA,19,75,Brazil,wiki/missing_player.jpg
Botafogo 1962,Caio,ATA,23,75,Brazil,wiki/missing_player.jpg
Botafogo 1962,Milton Mezenga,ATA,25,75,Brazil,wiki/missing_player.jpg
Botafogo 1962,Beto,ATA,18,75,Brazil,wiki/missing_player.jpg
Botafogo 1962,Edison,ATA,24,75,Brazil,wiki/missing_player.jpg
Palmeiras 1967,Valdir Joaquim de Moraes,GOL,33,82,Brazil,wiki/missing_player.jpg
Palmeiras 1967,Djalma Santos,LD,37,85,Brazil,wiki/missing_player.jpg
Palmeiras 1967,Baldochi,ZAG,29,77,Brazil,wiki/missing_player.jpg
Palmeiras 1967,Túlio,ZAG,32,76,Brazil,wiki/missing_player.jpg
Palmeiras 1967,Minuca,LE,26,74,Brazil,wiki/missing_player.jpg
Palmeiras 1967,Pedro Caravela,VOL,27,76,Brazil,wiki/missing_player.jpg
Palmeiras 1967,Ademir da Guia,MEI,25,89,Brazil,wiki/missing_player.jpg
Palmeiras 1967,Germano,MEI,29,79,Brazil,wiki/missing_player.jpg
Palmeiras 1967,Parada,ATA,29,81,Brazil,wiki/missing_player.jpg
Palmeiras 1967,Servílio,ATA,29,78,Brazil,wiki/missing_player.jpg
Palmeiras 1967,Antoninho,ATA,25,78,Brazil,wiki/missing_player.jpg
Palmeiras 1967,Valdomiro,ATA,25,79,Brazil,wiki/missing_player.jpg
Palmeiras 1967,Carlito,GOL,25,75,Brazil,wiki/missing_player.jpg
Palmeiras 1967,Djalma Santos,LD,19,75,Brazil,wiki/missing_player.jpg
Palmeiras 1967,Valdir de Moraes,GOL,20,72,Brazil,wiki/missing_player.jpg
Palmeiras 1967,Osmar,ZAG,24,73,Brazil,wiki/missing_player.jpg
Palmeiras 1967,Luis Valente,VOL,22,72,Brazil,wiki/missing_player.jpg
Palmeiras 1967,Souza,VOL,23,72,Brazil,wiki/missing_player.jpg
Palmeiras 1967,Juvenal,ATA,26,72,Brazil,wiki/missing_player.jpg
Palmeiras 1967,Alemão,ATA,25,72,Brazil,wiki/missing_player.jpg
Palmeiras 1967,Lamarca,VOL,23,72,Brazil,wiki/missing_player.jpg
Botafogo 1970,Agustin,GOL,31,74,Uruguay,wiki/missing_player.jpg
Botafogo 1970,Alberto,VOL,27,75,Brazil,wiki/missing_player.jpg
Botafogo 1970,Amarildo,ATA,29,76,Brazil,wiki/missing_player.jpg
Botafogo 1970,Berlezi,ZAG,27,73,Brazil,wiki/missing_player.jpg
Botafogo 1970,Carlos Roberto,ATA,26,74,Brazil,wiki/missing_player.jpg
Botafogo 1970,Dirceu,ATA,25,75,Brazil,wiki/missing_player.jpg
Botafogo 1970,Gallardo,ATA,24,75,Brazil,wiki/missing_player.jpg
Botafogo 1970,Gérson,MEI,29,80,Brazil,wiki/missing_player.jpg
Botafogo 1970,Guaraci,LE,21,74,Brazil,wiki/missing_player.jpg
Botafogo 1970,Jairzinho,ATA,25,80,Brazil,wiki/missing_player.jpg
Botafogo 1970,Carlos Roberto,ATA,26,74,Brazil,wiki/missing_player.jpg
Botafogo 1970,Moreira,MEI,26,74,Brazil,wiki/missing_player.jpg
Botafogo 1970,Berlezi,ZAG,27,73,Brazil,wiki/missing_player.jpg
Cruzeiro 1976,Raul,GOL,26,75,Brazil,wiki/missing_player.jpg
Cruzeiro 1976,Pedro Paulo,ZAG,26,74,Brazil,wiki/missing_player.jpg
Cruzeiro 1976,Hector,ZAG,29,73,Brazil,wiki/missing_player.jpg
Cruzeiro 1976,Vanderlei,LE,29,73,Brazil,wiki/missing_player.jpg
Cruzeiro 1976,Piazza,VOL,32,75,Brazil,wiki/missing_player.jpg
Cruzeiro 1976,Wilson Piazza,VOL,32,75,Brazil,wiki/missing_player.jpg
Cruzeiro 1976,Zé Carlos,VOL,23,72,Brazil,wiki/missing_player.jpg
Cruzeiro 1976,Palhinha,ATA,26,75,Brazil,wiki/missing_player.jpg
Cruzeiro 1976,Joãozinho,ATA,24,75,Brazil,wiki/missing_player.jpg
Cruzeiro 1976,Eduardo,ATA,19,73,Brazil,wiki/missing_player.jpg
Cruzeiro 1976,Jairzinho,ATA,31,75,Brazil,wiki/missing_player.jpg
Cruzeiro 1976,Nelinho,LD,31,75,Brazil,wiki/missing_player.jpg
Cruzeiro 1976,Darci,LE,23,73,Brazil,wiki/missing_player.jpg
Cruzeiro 1976,Marcos,LE,23,72,Brazil,wiki/missing_player.jpg
Cruzeiro 1976,Ricardo Pinto,VOL,20,73,Brazil,wiki/missing_player.jpg
Cruzeiro 1976,Eli Mendes,VOL,27,72,Brazil,wiki/missing_player.jpg
Flamengo 1981,Raul,GOL,28,84,Brazil,wiki/missing_player.jpg
Flamengo 1981,Leandro,LD,21,80,Brazil,wiki/missing_player.jpg
Flamengo 1981,Marinho,ZAG,22,80,Brazil,wiki/missing_player.jpg
Flamengo 1981,Carlos Mozer,ZAG,22,83,Brazil,header/s_126890_123_2012_1.jpg?lm=1
Flamengo 1981,Júnior,LE,29,85,Brazil,header/117623-1522143968.jpg?lm=1
Flamengo 1981,Andrade,VOL,24,80,Brazil,wiki/missing_player.jpg
Flamengo 1981,Adílio,MEI,27,83,Brazil,wiki/missing_player.jpg
Flamengo 1981,Zico,MEI,28,92,Brazil,header/117619-1547817527.jpg?lm=1
Flamengo 1981,Tita,ATA,25,80,Brazil,header/96657-1479732445.jpg?lm=1
Flamengo 1981,Bebeto,ATA,17,80,Brazil,wiki/missing_player.jpg
Flamengo 1981,Assis,ATA,28,82,Brazil,wiki/missing_player.jpg
Flamengo 1981,Pica-Pau,ATA,22,79,Brazil,wiki/missing_player.jpg
Flamengo 1981,Luiz Carlos,GOL,34,75,Brazil,wiki/missing_player.jpg
Flamengo 1981,Carlos Alberto,ZAG,25,75,Brazil,wiki/missing_player.jpg
Flamengo 1981,Merica,ZAG,25,76,Brazil,wiki/missing_player.jpg
Flamengo 1981,Zinho,MEI,18,80,Brazil,wiki/missing_player.jpg
Flamengo 1981,Beto,MEI,21,82,Brazil,wiki/missing_player.jpg
Flamengo 1981,Paulinho Criciúma,VOL,27,77,Brazil,wiki/missing_player.jpg
Flamengo 1981,Nunes,ATA,28,79,Brazil,wiki/missing_player.jpg
Grêmio 1983,Mazaropi,GOL,27,76,Brazil,wiki/missing_player.jpg
Grêmio 1983,Paulo Roberto,GOL,24,75,Brazil,wiki/missing_player.jpg
Grêmio 1983,Baidek,ZAG,26,75,Brazil,wiki/missing_player.jpg
Grêmio 1983,Casemiro,LE,26,73,Brazil,wiki/missing_player.jpg
Grêmio 1983,Paulo César Magalhães,LD,22,73,Brazil,wiki/missing_player.jpg
Grêmio 1983,China,LE,25,75,Brazil,wiki/missing_player.jpg
Grêmio 1983,Bonamigo,VOL,27,74,Brazil,wiki/missing_player.jpg
Grêmio 1983,Osvaldo,MEI,23,78,Brazil,wiki/missing_player.jpg
Grêmio 1983,Júlio César,MEI,21,78,Brazil,wiki/missing_player.jpg
Grêmio 1983,Tarciso,ATA,31,80,Brazil,wiki/missing_player.jpg
Grêmio 1983,César,ATA,27,78,Brazil,wiki/missing_player.jpg
Grêmio 1983,Cuca,ATA,31,76,Brazil,wiki/missing_player.jpg
Grêmio 1983,Baltazar,ATA,30,80,Brazil,wiki/missing_player.jpg
Grêmio 1983,Hugo De León,ZAG,30,80,Uruguay,wiki/missing_player.jpg
Grêmio 1983,China,LE,25,75,Brazil,wiki/missing_player.jpg
Grêmio 1983,Bonamigo,VOL,27,74,Brazil,wiki/missing_player.jpg
Grêmio 1983,Victor,MEI,24,75,Brazil,wiki/missing_player.jpg
Grêmio 1983,César,ATA,27,78,Brazil,wiki/missing_player.jpg
Grêmio 1983,Renato Portaluppi,ATA,21,86,Brazil,wiki/missing_player.jpg
Grêmio 1983,Hugo De León,ZAG,30,84,Uruguay,wiki/missing_player.jpg
Grêmio 1983,Tarciso,ATA,31,80,Brazil,wiki/missing_player.jpg
Grêmio 1983,China,LE,25,79,Brazil,wiki/missing_player.jpg
Grêmio 1983,Baltazar,ATA,30,80,Brazil,wiki/missing_player.jpg
Palmeiras 1999,Marcos,GOL,31,90,Brazil,header/s_30421_123_2013_10_10_1.jpg?lm=1
Palmeiras 1999,Sérgio,GOL,31,82,Brazil,wiki/missing_player.jpg
Palmeiras 1999,Velloso,GOL,31,81,Brazil,wiki/missing_player.jpg
Palmeiras 1999,Arce,LD,31,84,Brazil,header/s_130283_123_2013_03_21_1.jpg?lm=1
Palmeiras 1999,Rogério,LD,31,82,Brazil,wiki/missing_player.jpg
Palmeiras 1999,Rubens Junior,LE,31,76,Brazil,wiki/missing_player.jpg
Palmeiras 1999,Júnior,LE,31,83,Brazil,wiki/missing_player.jpg
Palmeiras 1999,Júnior Baiano,ZAG,31,80,Brazil,header/17284-1493278309.jpg?lm=1
Palmeiras 1999,Cléber,ZAG,31,83,Brazil,wiki/missing_player.jpg
Palmeiras 1999,Roque Júnior,ZAG,31,83,Brazil,header/5807-1589802559.jpg?lm=1
Palmeiras 1999,Catalino Rivarola,ZAG,31,75,Brazil,wiki/missing_player.jpg
Palmeiras 1999,Galeano,VOL,31,79,Brazil,wiki/missing_player.jpg
Palmeiras 1999,César Sampaio,VOL,31,83,Brazil,header/s_103560_123_2013_06_18_1.jpg?lm=1
Palmeiras 1999,Jackson,MC,31,75,Brazil,wiki/missing_player.jpg
Palmeiras 1999,Alex,MEI,31,87,Brazil,header/18537-1598536967.jpg?lm=1
Palmeiras 1999,Zinho,MEI,31,84,Brazil,header/27766-1639869588.jpg?lm=1
Palmeiras 1999,Paulo Nunes,ATA,31,82,Brazil,wiki/missing_player.jpg
Palmeiras 1999,Oséas,ATA,31,78,Brazil,wiki/missing_player.jpg
Palmeiras 1999,Euller,ATA,31,79,Brazil,header/s_145710_2863_2010_2.jpg?lm=1
Palmeiras 1999,Evair,ATA,31,81,Brazil,wiki/missing_player.jpg
Vasco 2000,Hélton,GOL,22,78,Brazil,wiki/missing_player.jpg
Vasco 2000,Clébson,LD,25,76,Brazil,wiki/missing_player.jpg
Vasco 2000,Jorge Luiz,ZAG,29,75,Brazil,wiki/missing_player.jpg
Vasco 2000,Odvan,ZAG,27,80,Brazil,wiki/missing_player.jpg
Vasco 2000,Gilberto,LE,24,82,Brazil,wiki/missing_player.jpg
Vasco 2000,Nasa,VOL,31,73,Brazil,wiki/missing_player.jpg
Vasco 2000,Juninho Pernambucano,MEI,25,86,Brazil,wiki/missing_player.jpg
Vasco 2000,Vágner,VOL,25,78,Brazil,wiki/missing_player.jpg
Vasco 2000,Juninho Paulista,MEI,27,83,Brazil,wiki/missing_player.jpg
Vasco 2000,Romário,ATA,34,89,Brazil,wiki/missing_player.jpg
Vasco 2000,Euller,ATA,26,80,Brazil,wiki/missing_player.jpg
Vasco 2000,Mauro Galvão,ZAG,39,76,Brazil,wiki/missing_player.jpg
Vasco 2000,Evanílson,ZAG,25,75,Brazil,wiki/missing_player.jpg
Vasco 2000,Pedrinho,ATA,24,75,Brazil,wiki/missing_player.jpg
Vasco 2000,Viola,ATA,31,76,Brazil,wiki/missing_player.jpg
Vasco 2000,Jardel,ATA,26,76,Brazil,wiki/missing_player.jpg
Vasco 2000,Andrade,VOL,32,76,Brazil,wiki/missing_player.jpg
Vasco 2000,Helmut,VOL,22,70,Brazil,wiki/missing_player.jpg
Vasco 2000,Henrique,GOL,23,75,Brazil,wiki/missing_player.jpg
Corinthians 2000,Dida,GOL,26,82,Brazil,wiki/missing_player.jpg
Corinthians 2000,Marcio Costa,LD,29,72,Brazil,wiki/missing_player.jpg
Corinthians 2000,Fabio Luciano,ZAG,24,79,Brazil,wiki/missing_player.jpg
Corinthians 2000,Roque Júnior,ZAG,23,78,Brazil,wiki/missing_player.jpg
Corinthians 2000,Kléber,LE,26,79,Brazil,wiki/missing_player.jpg
Corinthians 2000,Rincón,VOL,30,79,Colombia,wiki/missing_player.jpg
Corinthians 2000,Vampeta,VOL,26,81,Brazil,wiki/missing_player.jpg
Corinthians 2000,Marcelinho Carioca,MEI,30,83,Brazil,wiki/missing_player.jpg
Corinthians 2000,Ricardinho,MEI,23,84,Brazil,wiki/missing_player.jpg
Corinthians 2000,Edilson,ATA,29,81,Brazil,wiki/missing_player.jpg
Corinthians 2000,Luizão,ATA,24,84,Brazil,wiki/missing_player.jpg
Corinthians 2000,Edu Lima,MEI,22,74,Brazil,wiki/missing_player.jpg
Corinthians 2000,Maurinho,ZAG,25,71,Brazil,wiki/missing_player.jpg
Corinthians 2000,Kleber,MEI,21,73,Brazil,wiki/missing_player.jpg
Corinthians 2000,Leandro,LD,21,72,Brazil,wiki/missing_player.jpg
Corinthians 2000,Gilmar,ATA,24,73,Brazil,wiki/missing_player.jpg
Corinthians 2000,Dinei,ATA,27,74,Brazil,wiki/missing_player.jpg
Corinthians 2000,Fernando Baiano,ATA,21,70,Brazil,wiki/missing_player.jpg
Corinthians 2000,Adilson,ATA,28,75,Brazil,wiki/missing_player.jpg
São Caetano 2002,Silvio Luiz,GOL,27,75,Brazil,wiki/missing_player.jpg
São Caetano 2002,Capone,LD,29,72,Brazil,wiki/missing_player.jpg
São Caetano 2002,Dininho,ZAG,31,77,Brazil,wiki/missing_player.jpg
São Caetano 2002,Serginho,ZAG,31,76,Brazil,wiki/missing_player.jpg
São Caetano 2002,Triguinho,LE,22,73,Brazil,wiki/missing_player.jpg
São Caetano 2002,Galvão,VOL,30,76,Brazil,wiki/missing_player.jpg
São Caetano 2002,Adãozinho,VOL,28,76,Brazil,wiki/missing_player.jpg
São Caetano 2002,Michel,MEI,21,76,Brazil,wiki/missing_player.jpg
São Caetano 2002,Anaílson,ATA,25,76,Brazil,wiki/missing_player.jpg
São Caetano 2002,Gil,ATA,25,76,Brazil,wiki/missing_player.jpg
São Caetano 2002,Warley,ATA,26,77,Brazil,wiki/missing_player.jpg
São Caetano 2002,Serginho Fraldinha,VOL,23,73,Brazil,wiki/missing_player.jpg
São Caetano 2002,Paulo César,LD,26,72,Brazil,wiki/missing_player.jpg
São Caetano 2002,Marco Aurélio,ZAG,27,74,Brazil,wiki/missing_player.jpg
São Caetano 2002,Élson,VOL,23,72,Brazil,wiki/missing_player.jpg
São Caetano 2002,Paulo Miranda,ATA,22,73,Brazil,wiki/missing_player.jpg
São Caetano 2002,Leandro Amaral,ATA,22,75,Brazil,wiki/missing_player.jpg
São Caetano 2002,Adriano,ATA,22,72,Brazil,wiki/missing_player.jpg
São Caetano 2002,Claudinho,ATA,22,73,Brazil,wiki/missing_player.jpg
São Caetano 2002,Aldrovani,ATA,23,70,Brazil,wiki/missing_player.jpg
São Caetano 2002,Willian,ATA,23,70,Brazil,wiki/missing_player.jpg
São Caetano 2002,Márcio Griggio,VOL,31,75,Brazil,wiki/missing_player.jpg
Cruzeiro 2003,Gomes,GOL,31,83,Brazil,wiki/missing_player.jpg
Cruzeiro 2003,Arthur Moraes,GOL,31,75,Brazil,wiki/missing_player.jpg
Cruzeiro 2003,Maicon,LD,31,82,Brazil,wiki/missing_player.jpg
Cruzeiro 2003,Maurinho,LD,31,80,Brazil,wiki/missing_player.jpg
Cruzeiro 2003,Leandro,LE,31,79,Brazil,wiki/missing_player.jpg
Cruzeiro 2003,Gladstone,ZAG,31,78,Brazil,wiki/missing_player.jpg
Cruzeiro 2003,Cris,ZAG,31,80,Brazil,wiki/missing_player.jpg
Cruzeiro 2003,Edu Dracena,ZAG,31,81,Brazil,wiki/missing_player.jpg
Cruzeiro 2003,Luisão,ZAG,31,84,Brazil,wiki/missing_player.jpg
Cruzeiro 2003,Felipe Melo,VOL,31,79,Brazil,wiki/missing_player.jpg
Cruzeiro 2003,Maldonado,VOL,31,80,Brazil,wiki/missing_player.jpg
Cruzeiro 2003,Augusto Recife,VOL,31,77,Brazil,wiki/missing_player.jpg
Cruzeiro 2003,Paulo Miranda,VOL,31,77,Brazil,wiki/missing_player.jpg
Cruzeiro 2003,Alex,MEI,31,86,Brazil,wiki/missing_player.jpg
Cruzeiro 2003,Zinho,MEI,31,83,Brazil,wiki/missing_player.jpg
Cruzeiro 2003,Wendel,MEI,31,79,Brazil,wiki/missing_player.jpg
Cruzeiro 2003,Marcinho,MEI,31,78,Brazil,wiki/missing_player.jpg
Cruzeiro 2003,Aristizábal,ATA,31,82,Colombia,wiki/missing_player.jpg
Cruzeiro 2003,Deivid,ATA,31,80,Brazil,wiki/missing_player.jpg
Cruzeiro 2003,Marcelo Ramos,ATA,31,79,Brazil,wiki/missing_player.jpg
Cruzeiro 2003,Alex Alves,ATA,31,76,Brazil,wiki/missing_player.jpg
Cruzeiro 2003,Alex Dias,ATA,31,76,Brazil,wiki/missing_player.jpg
São Paulo 2005,Rogério Ceni,GOL,32,90,Brazil,wiki/missing_player.jpg
São Paulo 2005,Fabão,ZAG,31,80,Brazil,wiki/missing_player.jpg
São Paulo 2005,Lugano,ZAG,24,84,Uruguay,wiki/missing_player.jpg
São Paulo 2005,Edcarlos,ZAG,25,73,Brazil,wiki/missing_player.jpg
São Paulo 2005,Cicinho,LD,25,85,Brazil,wiki/missing_player.jpg
São Paulo 2005,Mineiro,VOL,30,80,Brazil,wiki/missing_player.jpg
São Paulo 2005,Souza,VOL,26,78,Brazil,wiki/missing_player.jpg
São Paulo 2005,Danilo,MC,24,82,Brazil,wiki/missing_player.jpg
São Paulo 2005,Júnior,VOL,31,75,Brazil,wiki/missing_player.jpg
São Paulo 2005,Amoroso,ATA,30,82,Brazil,wiki/missing_player.jpg
São Paulo 2005,Grafite,ATA,26,76,Brazil,wiki/missing_player.jpg
São Paulo 2005,Diego Tardelli,ATA,20,78,Brazil,wiki/missing_player.jpg
São Paulo 2005,Richarlyson,VOL,22,78,Brazil,wiki/missing_player.jpg
São Paulo 2005,Thiago,VOL,24,75,Brazil,wiki/missing_player.jpg
São Paulo 2005,Éder,ZAG,29,77,Brazil,wiki/missing_player.jpg
São Paulo 2005,Flávio Donizete,VOL,31,75,Brazil,wiki/missing_player.jpg
São Paulo 2005,Fábio Simplício,MC,26,78,Brazil,wiki/missing_player.jpg
São Paulo 2005,Gomes,GOL,24,77,Brazil,wiki/missing_player.jpg
Internacional 2006,Clemer,GOL,32,78,Brazil,wiki/missing_player.jpg
Internacional 2006,Gabriel,LD,22,76,Brazil,wiki/missing_player.jpg
Internacional 2006,Ediglê,ZAG,29,74,Brazil,wiki/missing_player.jpg
Internacional 2006,Índio,ZAG,28,80,Brazil,wiki/missing_player.jpg
Internacional 2006,Wellington Monteiro,LE,21,71,Brazil,wiki/missing_player.jpg
Internacional 2006,Edinho,VOL,34,76,Brazil,wiki/missing_player.jpg
Internacional 2006,Fabinho,MEI,31,78,Brazil,wiki/missing_player.jpg
Internacional 2006,Alex,MEI,23,82,Brazil,wiki/missing_player.jpg
Internacional 2006,Jorge Wagner,VOL,28,81,Brazil,wiki/missing_player.jpg
Internacional 2006,Iarley,ATA,31,80,Brazil,wiki/missing_player.jpg
Internacional 2006,Fernandão,ATA,28,84,Brazil,wiki/missing_player.jpg
Internacional 2006,Wellington Paulista,ATA,22,75,Brazil,wiki/missing_player.jpg
Internacional 2006,Hidalgo,MEI,26,72,Ecuador,wiki/missing_player.jpg
Internacional 2006,Bolívar,ZAG,29,78,Brazil,wiki/missing_player.jpg
Internacional 2006,Adriano Gabiru,ATA,28,72,Brazil,wiki/missing_player.jpg
Internacional 2006,Tinga,VOL,28,81,Brazil,wiki/missing_player.jpg
Internacional 2006,Fabian Vargas,VOL,26,77,Colombia,wiki/missing_player.jpg
Internacional 2006,Gavilán,ATA,27,72,Paraguay,wiki/missing_player.jpg
Palmeiras 2008,Marcos,GOL,34,85,Brazil,wiki/missing_player.jpg
Palmeiras 2008,Figueroa,LD,34,78,Chile,wiki/missing_player.jpg
Palmeiras 2008,Maurício,ZAG,29,76,Brazil,wiki/missing_player.jpg
Palmeiras 2008,Danilo,ZAG,31,78,Brazil,wiki/missing_player.jpg
Palmeiras 2008,Lúcio,LE,29,77,Brazil,wiki/missing_player.jpg
Palmeiras 2008,Pierre,VOL,26,80,Brazil,wiki/missing_player.jpg
Palmeiras 2008,Marcão,VOL,34,77,Brazil,wiki/missing_player.jpg
Palmeiras 2008,Diego Souza,MEI,23,82,Brazil,wiki/missing_player.jpg
Palmeiras 2008,Valdivia,MEI,24,83,Chile,wiki/missing_player.jpg
Palmeiras 2008,Ortigoza,ATA,22,75,Paraguay,wiki/missing_player.jpg
Palmeiras 2008,Keirrison,ATA,19,78,Brazil,wiki/missing_player.jpg
Palmeiras 2008,Alex Mineiro,ATA,32,80,Brazil,wiki/missing_player.jpg
Palmeiras 2008,Marcos,GOL,20,70,Brazil,wiki/missing_player.jpg
Palmeiras 2008,Gustavo,LD,20,70,Brazil,wiki/missing_player.jpg
Palmeiras 2008,Jéci,ZAG,24,72,Brazil,wiki/missing_player.jpg
Palmeiras 2008,Lenny,VOL,20,70,Brazil,wiki/missing_player.jpg
Palmeiras 2008,Sandro Silva,VOL,25,73,Brazil,wiki/missing_player.jpg
Palmeiras 2008,Jumar,VOL,23,71,Brazil,wiki/missing_player.jpg
Palmeiras 2008,Evandro,MEI,22,72,Brazil,wiki/missing_player.jpg
Palmeiras 2008,Ricardo Bueno,ATA,20,70,Brazil,wiki/missing_player.jpg
Fluminense 2008,Fernando Henrique,GOL,31,78,Brazil,wiki/missing_player.jpg
Fluminense 2008,Gabriel,LD,31,79,Brazil,wiki/missing_player.jpg
Fluminense 2008,Thiago Silva,ZAG,31,81,Brazil,wiki/missing_player.jpg
Fluminense 2008,Luiz Alberto,ZAG,31,78,Brazil,wiki/missing_player.jpg
Fluminense 2008,Roger Machado,ZAG,31,76,Brazil,wiki/missing_player.jpg
Fluminense 2008,Junior César,LE,31,79,Brazil,wiki/missing_player.jpg
Fluminense 2008,Ygor,VOL,31,76,Brazil,wiki/missing_player.jpg
Fluminense 2008,Arouca,VOL,31,81,Brazil,wiki/missing_player.jpg
Fluminense 2008,Fabinho,VOL,31,75,Brazil,wiki/missing_player.jpg
Fluminense 2008,Cícero,MC,31,75,Brazil,wiki/missing_player.jpg
Fluminense 2008,Maurício,MC,31,76,Brazil,wiki/missing_player.jpg
Fluminense 2008,Conca,MEI,31,83,Argentina,wiki/missing_player.jpg
Fluminense 2008,Thiago Neves,MEI,31,82,Brazil,wiki/missing_player.jpg
Fluminense 2008,Washington,ATA,31,83,Brazil,wiki/missing_player.jpg
Fluminense 2008,Dodô,ATA,31,80,Brazil,wiki/missing_player.jpg
Santos 2011,Rafael Cabral,GOL,31,79,Brazil,wiki/missing_player.jpg
Santos 2011,Aranha,GOL,31,78,Brazil,wiki/missing_player.jpg
Santos 2011,Vladimir,GOL,31,74,Brazil,wiki/missing_player.jpg
Santos 2011,Pará,LD,31,80,Brazil,wiki/missing_player.jpg
Santos 2011,Jonathan,LD,31,76,Brazil,wiki/missing_player.jpg
Santos 2011,Leandro Silva,LD,31,76,Brazil,wiki/missing_player.jpg
Santos 2011,Léo,LE,31,81,Brazil,wiki/missing_player.jpg
Santos 2011,Alex Sandro,LE,31,78,Brazil,wiki/missing_player.jpg
Santos 2011,Emerson Palmieri,LE,31,74,Brazil,wiki/missing_player.jpg
Santos 2011,Edu Dracena,ZAG,31,81,Brazil,wiki/missing_player.jpg
Santos 2011,Durval,ZAG,31,80,Brazil,wiki/missing_player.jpg
Santos 2011,Éder Lima,ZAG,31,76,Brazil,wiki/missing_player.jpg
Santos 2011,Ricardo Duarte,ZAG,31,75,Brazil,wiki/missing_player.jpg
Santos 2011,Jonathan,ZAG,31,76,Brazil,wiki/missing_player.jpg
Santos 2011,Bruno Rodrigo,ZAG,31,76,Brazil,wiki/missing_player.jpg
Santos 2011,Arouca,VOL,31,81,Brazil,wiki/missing_player.jpg
Santos 2011,Danilo,LD,31,79,Brazil,wiki/missing_player.jpg
Santos 2011,Dudu,VOL,31,76,Brazil,wiki/missing_player.jpg
Santos 2011,Elano,VOL,31,82,Brazil,wiki/missing_player.jpg
Santos 2011,Leandro Mineiro,MEI,31,75,Brazil,wiki/missing_player.jpg
Santos 2011,PH Ganso,MEI,31,84,Brazil,wiki/missing_player.jpg
Santos 2011,Felipe Anderson,PE,31,78,Brazil,wiki/missing_player.jpg
Santos 2011,Robinho,MEI,31,84,Brazil,wiki/missing_player.jpg
Santos 2011,Alan Patrick,MEI,31,76,Brazil,wiki/missing_player.jpg
Santos 2011,Ibson,MEI,31,78,Brazil,wiki/missing_player.jpg
Santos 2011,Renan Mota,MEI,31,76,Brazil,wiki/missing_player.jpg
Santos 2011,Geuvânio,MEI,31,77,Brazil,wiki/missing_player.jpg
Santos 2011,Neymar,PE,31,87,Brazil,wiki/missing_player.jpg
Santos 2011,Zé Eduardo,ATA,31,79,Brazil,wiki/missing_player.jpg
Santos 2011,Maikon Leite,ATA,31,79,Brazil,wiki/missing_player.jpg
Santos 2011,Keirrison,ATA,31,76,Brazil,wiki/missing_player.jpg
Santos 2011,Alan Kardec,ATA,31,78,Brazil,wiki/missing_player.jpg
Santos 2011,Diogo,ATA,31,77,Brazil,wiki/missing_player.jpg
Santos 2011,Borges,ATA,31,81,Brazil,wiki/missing_player.jpg
Santos 2011,Rentería,ATA,31,77,Colombia,wiki/missing_player.jpg
Santos 2011,Henrique,MC,31,78,Brazil,wiki/missing_player.jpg
Santos 2011,Adriano,MC,31,76,Brazil,wiki/missing_player.jpg
Santos 2011,Rodrigo Possebon,MEI,31,76,Brazil,wiki/missing_player.jpg
Corinthians 2012,Cássio,GOL,25,80,Brazil,wiki/missing_player.jpg
Corinthians 2012,Alessandro,LD,33,75,Brazil,wiki/missing_player.jpg
Corinthians 2012,Chicão,ZAG,31,80,Brazil,wiki/missing_player.jpg
Corinthians 2012,Leandro Castán,ZAG,25,78,Brazil,wiki/missing_player.jpg
Corinthians 2012,Fábio Santos,LE,27,75,Brazil,wiki/missing_player.jpg
Corinthians 2012,Ralf,VOL,27,78,Brazil,wiki/missing_player.jpg
Corinthians 2012,Paulinho,MEI,23,80,Brazil,wiki/missing_player.jpg
Corinthians 2012,Danilo,MEI,31,76,Brazil,wiki/missing_player.jpg
Corinthians 2012,Emerson Sheik,ATA,33,83,Brazil,wiki/missing_player.jpg
Corinthians 2012,Jorge Henrique,ATA,30,75,Brazil,wiki/missing_player.jpg
Corinthians 2012,Liedson,ATA,34,80,Portugal,wiki/missing_player.jpg
Corinthians 2012,Douglas,ATA,30,75,Brazil,wiki/missing_player.jpg
Corinthians 2012,Danilo,ATA,32,78,Brazil,wiki/missing_player.jpg
Corinthians 2012,Giovanni,ATA,18,75,Brazil,wiki/missing_player.jpg
Corinthians 2012,Julio Cesar,ATA,23,75,Brazil,wiki/missing_player.jpg
Corinthians 2012,Marquinhos,ZAG,18,72,Brazil,wiki/missing_player.jpg
Corinthians 2012,Alessandro,ZAG,25,72,Brazil,wiki/missing_player.jpg
Corinthians 2012,Gil,ZAG,25,72,Brazil,wiki/missing_player.jpg
Corinthians 2012,Gregore,ZAG,18,70,Brazil,wiki/missing_player.jpg
Corinthians 2012,Wallace,ZAG,23,70,Brazil,wiki/missing_player.jpg
Corinthians 2012,Edenílson,VOL,23,72,Brazil,wiki/missing_player.jpg
Corinthians 2012,Ramon,VOL,21,70,Brazil,wiki/missing_player.jpg
Corinthians 2012,Jocinei,VOL,24,70,Brazil,wiki/missing_player.jpg
Botafogo 2013,Jefferson,GOL,30,83,Brazil,wiki/missing_player.jpg
Botafogo 2013,Lucas,LD,24,75,Brazil,wiki/missing_player.jpg
Botafogo 2013,Bolívar,ZAG,32,78,Brazil,wiki/missing_player.jpg
Botafogo 2013,Dória,ZAG,18,80,Brazil,wiki/missing_player.jpg
Botafogo 2013,Cortês,LE,26,75,Brazil,wiki/missing_player.jpg
Botafogo 2013,Marcelo Mattos,VOL,29,75,Brazil,wiki/missing_player.jpg
Botafogo 2013,Gabriel,MEI,20,76,Brazil,wiki/missing_player.jpg
Botafogo 2013,Seedorf,MEI,36,85,Netherlands,wiki/missing_player.jpg
Botafogo 2013,Lodeiro,MEI,23,76,Uruguay,wiki/missing_player.jpg
Botafogo 2013,Rafael Marques,ATA,30,76,Brazil,wiki/missing_player.jpg
Botafogo 2013,Elkeson,ATA,23,78,China,wiki/missing_player.jpg
Botafogo 2013,Jefferson,ATA,22,74,Brazil,wiki/missing_player.jpg
Botafogo 2013,Lucas,LD,22,73,Brazil,wiki/missing_player.jpg
Botafogo 2013,Antônio Carlos,ZAG,30,75,Brazil,wiki/missing_player.jpg
Botafogo 2013,Edílson,LE,27,73,Brazil,wiki/missing_player.jpg
Botafogo 2013,Fellype Gabriel,MEI,27,76,Brazil,wiki/missing_player.jpg
Botafogo 2013,Vitinho,ATA,20,70,Brazil,wiki/missing_player.jpg
Botafogo 2013,Alex,ATA,24,70,Brazil,wiki/missing_player.jpg
Botafogo 2013,Octávio,ATA,18,70,Brazil,wiki/missing_player.jpg
Botafogo 2013,Dankler,ZAG,21,72,Brazil,wiki/missing_player.jpg
Atlético-MG 2013,Victor,GOL,30,80,Brazil,wiki/missing_player.jpg
Atlético-MG 2013,Marcos Rocha,LD,24,75,Brazil,wiki/missing_player.jpg
Atlético-MG 2013,Réver,ZAG,28,82,Brazil,wiki/missing_player.jpg
Atlético-MG 2013,Leonardo Silva,ZAG,33,78,Brazil,wiki/missing_player.jpg
Atlético-MG 2013,Júnior César,LE,32,74,Brazil,wiki/missing_player.jpg
Atlético-MG 2013,Pierre,VOL,31,75,Brazil,wiki/missing_player.jpg
Atlético-MG 2013,Josué,VOL,33,77,Brazil,wiki/missing_player.jpg
Atlético-MG 2013,Ronaldinho Gaúcho,MEI,33,85,Brazil,wiki/missing_player.jpg
Atlético-MG 2013,Diego Tardelli,ATA,28,79,Brazil,wiki/missing_player.jpg
Atlético-MG 2013,Jô,ATA,26,80,Brazil,wiki/missing_player.jpg
Atlético-MG 2013,Bernard,MEI,20,78,Brazil,wiki/missing_player.jpg
Atlético-MG 2013,Richarlyson,MEI,30,75,Brazil,wiki/missing_player.jpg
Atlético-MG 2013,Fillipe Soutto,VOL,23,72,Brazil,wiki/missing_player.jpg
Atlético-MG 2013,Luan,ATA,22,76,Brazil,wiki/missing_player.jpg
Atlético-MG 2013,Rafael Marques,ATA,29,75,Brazil,wiki/missing_player.jpg
Atlético-MG 2013,Alecsandro,ATA,32,73,Brazil,wiki/missing_player.jpg
Atlético-MG 2013,Michel Macedo,LD,22,70,Brazil,wiki/missing_player.jpg
Atlético-MG 2013,Gilberto Silva,VOL,36,73,Brazil,wiki/missing_player.jpg
Atlético-MG 2013,Carlos César,LD,23,70,Brazil,wiki/missing_player.jpg
